,index,month,year,compound,compound_lag_1,compound_lag_2,compound_lag_3,compound_lag_4,compound_lag_5,compound_lag_6,compound_lag_7,compound_lag_8,compound_lag_9,compound_lag_10,compound_lag_11,compound_lag_12
14,2014-03,3,2014,0.156675,-0.05563846153846156,-0.0,-0.03761052631578948,-0.1533,-0.0,-0.0,0.07371818181818182,0.13091538461538466,0.0,0.09212640140954961,-0.03331283517869711,0.020538863163955704
15,2014-04,4,2014,0.0,0.156675,-0.05563846153846156,-0.0,-0.03761052631578948,-0.1533,-0.0,-0.0,0.07371818181818182,0.13091538461538466,0.0,0.09212640140954961,-0.03331283517869711
16,2014-05,5,2014,0.13359230769230773,0.0,0.156675,-0.05563846153846156,-0.0,-0.03761052631578948,-0.1533,-0.0,-0.0,0.07371818181818182,0.13091538461538466,0.0,0.09212640140954961
17,2014-06,6,2014,0.055499999999999994,0.13359230769230773,0.0,0.156675,-0.05563846153846156,-0.0,-0.03761052631578948,-0.1533,-0.0,-0.0,0.07371818181818182,0.13091538461538466,0.0
18,2014-07,7,2014,0.0,0.055499999999999994,0.13359230769230773,0.0,0.156675,-0.05563846153846156,-0.0,-0.03761052631578948,-0.1533,-0.0,-0.0,0.07371818181818182,0.13091538461538466
19,2014-08,8,2014,-0.1329535714285714,0.0,0.055499999999999994,0.13359230769230773,0.0,0.156675,-0.05563846153846156,-0.0,-0.03761052631578948,-0.1533,-0.0,-0.0,0.07371818181818182
20,2014-09,9,2014,0.10714285714285712,-0.1329535714285714,0.0,0.055499999999999994,0.13359230769230773,0.0,0.156675,-0.05563846153846156,-0.0,-0.03761052631578948,-0.1533,-0.0,-0.0
21,2014-10,10,2014,-0.03673953488372093,0.10714285714285712,-0.1329535714285714,0.0,0.055499999999999994,0.13359230769230773,0.0,0.156675,-0.05563846153846156,-0.0,-0.03761052631578948,-0.1533,-0.0
22,2014-11,11,2014,0.0,-0.03673953488372093,0.10714285714285712,-0.1329535714285714,0.0,0.055499999999999994,0.13359230769230773,0.0,0.156675,-0.05563846153846156,-0.0,-0.03761052631578948,-0.1533
23,2014-12,12,2014,0.12184736842105263,0.0,-0.03673953488372093,0.10714285714285712,-0.1329535714285714,0.0,0.055499999999999994,0.13359230769230773,0.0,0.156675,-0.05563846153846156,-0.0,-0.03761052631578948
24,2015-01,1,2015,-0.10774285714285713,0.12184736842105263,0.0,-0.03673953488372093,0.10714285714285712,-0.1329535714285714,0.0,0.055499999999999994,0.13359230769230773,0.0,0.156675,-0.05563846153846156,-0.0
25,2015-02,2,2015,-0.05824411764705883,-0.10774285714285713,0.12184736842105263,0.0,-0.03673953488372093,0.10714285714285712,-0.1329535714285714,0.0,0.055499999999999994,0.13359230769230773,0.0,0.156675,-0.05563846153846156
26,2015-03,3,2015,0.017191836734693877,-0.05824411764705883,-0.10774285714285713,0.12184736842105263,0.0,-0.03673953488372093,0.10714285714285712,-0.1329535714285714,0.0,0.055499999999999994,0.13359230769230773,0.0,0.156675
27,2015-04,4,2015,0.015814285714285708,0.017191836734693877,-0.05824411764705883,-0.10774285714285713,0.12184736842105263,0.0,-0.03673953488372093,0.10714285714285712,-0.1329535714285714,0.0,0.055499999999999994,0.13359230769230773,0.0
28,2015-05,5,2015,0.17545048543689323,0.015814285714285708,0.017191836734693877,-0.05824411764705883,-0.10774285714285713,0.12184736842105263,0.0,-0.03673953488372093,0.10714285714285712,-0.1329535714285714,0.0,0.055499999999999994,0.13359230769230773
29,2015-06,6,2015,0.08566363636363636,0.17545048543689323,0.015814285714285708,0.017191836734693877,-0.05824411764705883,-0.10774285714285713,0.12184736842105263,0.0,-0.03673953488372093,0.10714285714285712,-0.1329535714285714,0.0,0.055499999999999994
30,2015-07,7,2015,-0.14020384615384612,0.08566363636363636,0.17545048543689323,0.015814285714285708,0.017191836734693877,-0.05824411764705883,-0.10774285714285713,0.12184736842105263,0.0,-0.03673953488372093,0.10714285714285712,-0.1329535714285714,0.0
31,2015-08,8,2015,-0.004428000000000005,-0.14020384615384612,0.08566363636363636,0.17545048543689323,0.015814285714285708,0.017191836734693877,-0.05824411764705883,-0.10774285714285713,0.12184736842105263,0.0,-0.03673953488372093,0.10714285714285712,-0.1329535714285714
32,2015-09,9,2015,0.02104477611940299,-0.004428000000000005,-0.14020384615384612,0.08566363636363636,0.17545048543689323,0.015814285714285708,0.017191836734693877,-0.05824411764705883,-0.10774285714285713,0.12184736842105263,0.0,-0.03673953488372093,0.10714285714285712
33,2015-10,10,2015,-0.04737391304347825,0.02104477611940299,-0.004428000000000005,-0.14020384615384612,0.08566363636363636,0.17545048543689323,0.015814285714285708,0.017191836734693877,-0.05824411764705883,-0.10774285714285713,0.12184736842105263,0.0,-0.03673953488372093
34,2015-11,11,2015,-0.06004235294117646,-0.04737391304347825,0.02104477611940299,-0.004428000000000005,-0.14020384615384612,0.08566363636363636,0.17545048543689323,0.015814285714285708,0.017191836734693877,-0.05824411764705883,-0.10774285714285713,0.12184736842105263,0.0
35,2015-12,12,2015,-0.2312965909090909,-0.06004235294117646,-0.04737391304347825,0.02104477611940299,-0.004428000000000005,-0.14020384615384612,0.08566363636363636,0.17545048543689323,0.015814285714285708,0.017191836734693877,-0.05824411764705883,-0.10774285714285713,0.12184736842105263
36,2016-01,1,2016,-0.18203924050632914,-0.2312965909090909,-0.06004235294117646,-0.04737391304347825,0.02104477611940299,-0.004428000000000005,-0.14020384615384612,0.08566363636363636,0.17545048543689323,0.015814285714285708,0.017191836734693877,-0.05824411764705883,-0.10774285714285713
37,2016-02,2,2016,-0.16430526315789473,-0.18203924050632914,-0.2312965909090909,-0.06004235294117646,-0.04737391304347825,0.02104477611940299,-0.004428000000000005,-0.14020384615384612,0.08566363636363636,0.17545048543689323,0.015814285714285708,0.017191836734693877,-0.05824411764705883
38,2016-03,3,2016,-0.03633620689655172,-0.16430526315789473,-0.18203924050632914,-0.2312965909090909,-0.06004235294117646,-0.04737391304347825,0.02104477611940299,-0.004428000000000005,-0.14020384615384612,0.08566363636363636,0.17545048543689323,0.015814285714285708,0.017191836734693877
39,2016-04,4,2016,-0.041075294117647064,-0.03633620689655172,-0.16430526315789473,-0.18203924050632914,-0.2312965909090909,-0.06004235294117646,-0.04737391304347825,0.02104477611940299,-0.004428000000000005,-0.14020384615384612,0.08566363636363636,0.17545048543689323,0.015814285714285708
40,2016-05,5,2016,0.04939701492537313,-0.041075294117647064,-0.03633620689655172,-0.16430526315789473,-0.18203924050632914,-0.2312965909090909,-0.06004235294117646,-0.04737391304347825,0.02104477611940299,-0.004428000000000005,-0.14020384615384612,0.08566363636363636,0.17545048543689323
41,2016-06,6,2016,-0.024275373134328364,0.04939701492537313,-0.041075294117647064,-0.03633620689655172,-0.16430526315789473,-0.18203924050632914,-0.2312965909090909,-0.06004235294117646,-0.04737391304347825,0.02104477611940299,-0.004428000000000005,-0.14020384615384612,0.08566363636363636
42,2016-07,7,2016,0.09072883435582824,-0.024275373134328364,0.04939701492537313,-0.041075294117647064,-0.03633620689655172,-0.16430526315789473,-0.18203924050632914,-0.2312965909090909,-0.06004235294117646,-0.04737391304347825,0.02104477611940299,-0.004428000000000005,-0.14020384615384612
43,2016-08,8,2016,-0.06219056603773585,0.09072883435582824,-0.024275373134328364,0.04939701492537313,-0.041075294117647064,-0.03633620689655172,-0.16430526315789473,-0.18203924050632914,-0.2312965909090909,-0.06004235294117646,-0.04737391304347825,0.02104477611940299,-0.004428000000000005
44,2016-09,9,2016,0.0986771186440678,-0.06219056603773585,0.09072883435582824,-0.024275373134328364,0.04939701492537313,-0.041075294117647064,-0.03633620689655172,-0.16430526315789473,-0.18203924050632914,-0.2312965909090909,-0.06004235294117646,-0.04737391304347825,0.02104477611940299
45,2016-10,10,2016,-0.07079347826086956,0.0986771186440678,-0.06219056603773585,0.09072883435582824,-0.024275373134328364,0.04939701492537313,-0.041075294117647064,-0.03633620689655172,-0.16430526315789473,-0.18203924050632914,-0.2312965909090909,-0.06004235294117646,-0.04737391304347825
46,2016-11,11,2016,0.0631764,-0.07079347826086956,0.0986771186440678,-0.06219056603773585,0.09072883435582824,-0.024275373134328364,0.04939701492537313,-0.041075294117647064,-0.03633620689655172,-0.16430526315789473,-0.18203924050632914,-0.2312965909090909,-0.06004235294117646
47,2016-12,12,2016,0.007666071428571424,0.0631764,-0.07079347826086956,0.0986771186440678,-0.06219056603773585,0.09072883435582824,-0.024275373134328364,0.04939701492537313,-0.041075294117647064,-0.03633620689655172,-0.16430526315789473,-0.18203924050632914,-0.2312965909090909
48,2017-01,1,2017,-0.050210971786833855,0.007666071428571424,0.0631764,-0.07079347826086956,0.0986771186440678,-0.06219056603773585,0.09072883435582824,-0.024275373134328364,0.04939701492537313,-0.041075294117647064,-0.03633620689655172,-0.16430526315789473,-0.18203924050632914
49,2017-02,2,2017,-0.15120581717451523,-0.050210971786833855,0.007666071428571424,0.0631764,-0.07079347826086956,0.0986771186440678,-0.06219056603773585,0.09072883435582824,-0.024275373134328364,0.04939701492537313,-0.041075294117647064,-0.03633620689655172,-0.16430526315789473
50,2017-03,3,2017,-0.10096730769230769,-0.15120581717451523,-0.050210971786833855,0.007666071428571424,0.0631764,-0.07079347826086956,0.0986771186440678,-0.06219056603773585,0.09072883435582824,-0.024275373134328364,0.04939701492537313,-0.041075294117647064,-0.03633620689655172
51,2017-04,4,2017,-0.020285643564356436,-0.10096730769230769,-0.15120581717451523,-0.050210971786833855,0.007666071428571424,0.0631764,-0.07079347826086956,0.0986771186440678,-0.06219056603773585,0.09072883435582824,-0.024275373134328364,0.04939701492537313,-0.041075294117647064
52,2017-05,5,2017,0.04221208459214502,-0.020285643564356436,-0.10096730769230769,-0.15120581717451523,-0.050210971786833855,0.007666071428571424,0.0631764,-0.07079347826086956,0.0986771186440678,-0.06219056603773585,0.09072883435582824,-0.024275373134328364,0.04939701492537313
53,2017-06,6,2017,0.034086251808972505,0.04221208459214502,-0.020285643564356436,-0.10096730769230769,-0.15120581717451523,-0.050210971786833855,0.007666071428571424,0.0631764,-0.07079347826086956,0.0986771186440678,-0.06219056603773585,0.09072883435582824,-0.024275373134328364
54,2017-07,7,2017,0.024198417721518994,0.034086251808972505,0.04221208459214502,-0.020285643564356436,-0.10096730769230769,-0.15120581717451523,-0.050210971786833855,0.007666071428571424,0.0631764,-0.07079347826086956,0.0986771186440678,-0.06219056603773585,0.09072883435582824
55,2017-08,8,2017,0.004796356275303643,0.024198417721518994,0.034086251808972505,0.04221208459214502,-0.020285643564356436,-0.10096730769230769,-0.15120581717451523,-0.050210971786833855,0.007666071428571424,0.0631764,-0.07079347826086956,0.0986771186440678,-0.06219056603773585
56,2017-09,9,2017,-0.014728254847645434,0.004796356275303643,0.024198417721518994,0.034086251808972505,0.04221208459214502,-0.020285643564356436,-0.10096730769230769,-0.15120581717451523,-0.050210971786833855,0.007666071428571424,0.0631764,-0.07079347826086956,0.0986771186440678
57,2017-10,10,2017,0.00761952506596306,-0.014728254847645434,0.004796356275303643,0.024198417721518994,0.034086251808972505,0.04221208459214502,-0.020285643564356436,-0.10096730769230769,-0.15120581717451523,-0.050210971786833855,0.007666071428571424,0.0631764,-0.07079347826086956
58,2017-11,11,2017,-0.09569823529411764,0.00761952506596306,-0.014728254847645434,0.004796356275303643,0.024198417721518994,0.034086251808972505,0.04221208459214502,-0.020285643564356436,-0.10096730769230769,-0.15120581717451523,-0.050210971786833855,0.007666071428571424,0.0631764
59,2017-12,12,2017,-0.012077182770663563,-0.09569823529411764,0.00761952506596306,-0.014728254847645434,0.004796356275303643,0.024198417721518994,0.034086251808972505,0.04221208459214502,-0.020285643564356436,-0.10096730769230769,-0.15120581717451523,-0.050210971786833855,0.007666071428571424
60,2018-01,1,2018,-0.04811314655172414,-0.012077182770663563,-0.09569823529411764,0.00761952506596306,-0.014728254847645434,0.004796356275303643,0.024198417721518994,0.034086251808972505,0.04221208459214502,-0.020285643564356436,-0.10096730769230769,-0.15120581717451523,-0.050210971786833855
61,2018-02,2,2018,-0.010500000000000004,-0.04811314655172414,-0.012077182770663563,-0.09569823529411764,0.00761952506596306,-0.014728254847645434,0.004796356275303643,0.024198417721518994,0.034086251808972505,0.04221208459214502,-0.020285643564356436,-0.10096730769230769,-0.15120581717451523
62,2018-03,3,2018,-0.060837829691032415,-0.010500000000000004,-0.04811314655172414,-0.012077182770663563,-0.09569823529411764,0.00761952506596306,-0.014728254847645434,0.004796356275303643,0.024198417721518994,0.034086251808972505,0.04221208459214502,-0.020285643564356436,-0.10096730769230769
63,2018-04,4,2018,-0.029936303080766027,-0.060837829691032415,-0.010500000000000004,-0.04811314655172414,-0.012077182770663563,-0.09569823529411764,0.00761952506596306,-0.014728254847645434,0.004796356275303643,0.024198417721518994,0.034086251808972505,0.04221208459214502,-0.020285643564356436
64,2018-05,5,2018,-0.028515237302248125,-0.029936303080766027,-0.060837829691032415,-0.010500000000000004,-0.04811314655172414,-0.012077182770663563,-0.09569823529411764,0.00761952506596306,-0.014728254847645434,0.004796356275303643,0.024198417721518994,0.034086251808972505,0.04221208459214502
65,2018-06,6,2018,0.020844487881157153,-0.028515237302248125,-0.029936303080766027,-0.060837829691032415,-0.010500000000000004,-0.04811314655172414,-0.012077182770663563,-0.09569823529411764,0.00761952506596306,-0.014728254847645434,0.004796356275303643,0.024198417721518994,0.034086251808972505
66,2018-07,7,2018,-0.05125246753246753,0.020844487881157153,-0.028515237302248125,-0.029936303080766027,-0.060837829691032415,-0.010500000000000004,-0.04811314655172414,-0.012077182770663563,-0.09569823529411764,0.00761952506596306,-0.014728254847645434,0.004796356275303643,0.024198417721518994
67,2018-08,8,2018,-0.05606443438914028,-0.05125246753246753,0.020844487881157153,-0.028515237302248125,-0.029936303080766027,-0.060837829691032415,-0.010500000000000004,-0.04811314655172414,-0.012077182770663563,-0.09569823529411764,0.00761952506596306,-0.014728254847645434,0.004796356275303643
68,2018-09,9,2018,-0.034234700574241175,-0.05606443438914028,-0.05125246753246753,0.020844487881157153,-0.028515237302248125,-0.029936303080766027,-0.060837829691032415,-0.010500000000000004,-0.04811314655172414,-0.012077182770663563,-0.09569823529411764,0.00761952506596306,-0.014728254847645434
69,2018-10,10,2018,-0.003661267605633801,-0.034234700574241175,-0.05606443438914028,-0.05125246753246753,0.020844487881157153,-0.028515237302248125,-0.029936303080766027,-0.060837829691032415,-0.010500000000000004,-0.04811314655172414,-0.012077182770663563,-0.09569823529411764,0.00761952506596306
70,2018-11,11,2018,-0.01937750716332378,-0.003661267605633801,-0.034234700574241175,-0.05606443438914028,-0.05125246753246753,0.020844487881157153,-0.028515237302248125,-0.029936303080766027,-0.060837829691032415,-0.010500000000000004,-0.04811314655172414,-0.012077182770663563,-0.09569823529411764
71,2018-12,12,2018,-0.07685860927152317,-0.01937750716332378,-0.003661267605633801,-0.034234700574241175,-0.05606443438914028,-0.05125246753246753,0.020844487881157153,-0.028515237302248125,-0.029936303080766027,-0.060837829691032415,-0.010500000000000004,-0.04811314655172414,-0.012077182770663563
72,2019-01,1,2019,-0.04998962628865979,-0.07685860927152317,-0.01937750716332378,-0.003661267605633801,-0.034234700574241175,-0.05606443438914028,-0.05125246753246753,0.020844487881157153,-0.028515237302248125,-0.029936303080766027,-0.060837829691032415,-0.010500000000000004,-0.04811314655172414
73,2019-02,2,2019,-0.029917783676177832,-0.04998962628865979,-0.07685860927152317,-0.01937750716332378,-0.003661267605633801,-0.034234700574241175,-0.05606443438914028,-0.05125246753246753,0.020844487881157153,-0.028515237302248125,-0.029936303080766027,-0.060837829691032415,-0.010500000000000004
74,2019-03,3,2019,-0.056549012074643246,-0.029917783676177832,-0.04998962628865979,-0.07685860927152317,-0.01937750716332378,-0.003661267605633801,-0.034234700574241175,-0.05606443438914028,-0.05125246753246753,0.020844487881157153,-0.028515237302248125,-0.029936303080766027,-0.060837829691032415
75,2019-04,4,2019,0.054644619105199514,-0.056549012074643246,-0.029917783676177832,-0.04998962628865979,-0.07685860927152317,-0.01937750716332378,-0.003661267605633801,-0.034234700574241175,-0.05606443438914028,-0.05125246753246753,0.020844487881157153,-0.028515237302248125,-0.029936303080766027
76,2019-05,5,2019,0.07493458771444382,0.054644619105199514,-0.056549012074643246,-0.029917783676177832,-0.04998962628865979,-0.07685860927152317,-0.01937750716332378,-0.003661267605633801,-0.034234700574241175,-0.05606443438914028,-0.05125246753246753,0.020844487881157153,-0.028515237302248125
77,2019-06,6,2019,0.0411959390862944,0.07493458771444382,0.054644619105199514,-0.056549012074643246,-0.029917783676177832,-0.04998962628865979,-0.07685860927152317,-0.01937750716332378,-0.003661267605633801,-0.034234700574241175,-0.05606443438914028,-0.05125246753246753,0.020844487881157153
78,2019-07,7,2019,-0.002734905082669933,0.0411959390862944,0.07493458771444382,0.054644619105199514,-0.056549012074643246,-0.029917783676177832,-0.04998962628865979,-0.07685860927152317,-0.01937750716332378,-0.003661267605633801,-0.034234700574241175,-0.05606443438914028,-0.05125246753246753
79,2019-08,8,2019,-0.04876423499031633,-0.002734905082669933,0.0411959390862944,0.07493458771444382,0.054644619105199514,-0.056549012074643246,-0.029917783676177832,-0.04998962628865979,-0.07685860927152317,-0.01937750716332378,-0.003661267605633801,-0.034234700574241175,-0.05606443438914028
80,2019-09,9,2019,-0.013829384164222875,-0.04876423499031633,-0.002734905082669933,0.0411959390862944,0.07493458771444382,0.054644619105199514,-0.056549012074643246,-0.029917783676177832,-0.04998962628865979,-0.07685860927152317,-0.01937750716332378,-0.003661267605633801,-0.034234700574241175
81,2019-10,10,2019,0.015560190369540873,-0.013829384164222875,-0.04876423499031633,-0.002734905082669933,0.0411959390862944,0.07493458771444382,0.054644619105199514,-0.056549012074643246,-0.029917783676177832,-0.04998962628865979,-0.07685860927152317,-0.01937750716332378,-0.003661267605633801
82,2019-11,11,2019,0.04664228571428572,0.015560190369540873,-0.013829384164222875,-0.04876423499031633,-0.002734905082669933,0.0411959390862944,0.07493458771444382,0.054644619105199514,-0.056549012074643246,-0.029917783676177832,-0.04998962628865979,-0.07685860927152317,-0.01937750716332378
83,2019-12,12,2019,0.029206051527860995,0.04664228571428572,0.015560190369540873,-0.013829384164222875,-0.04876423499031633,-0.002734905082669933,0.0411959390862944,0.07493458771444382,0.054644619105199514,-0.056549012074643246,-0.029917783676177832,-0.04998962628865979,-0.07685860927152317
84,2020-01,1,2020,0.045363130733944955,0.029206051527860995,0.04664228571428572,0.015560190369540873,-0.013829384164222875,-0.04876423499031633,-0.002734905082669933,0.0411959390862944,0.07493458771444382,0.054644619105199514,-0.056549012074643246,-0.029917783676177832,-0.04998962628865979
85,2020-02,2,2020,0.004666277712952161,0.045363130733944955,0.029206051527860995,0.04664228571428572,0.015560190369540873,-0.013829384164222875,-0.04876423499031633,-0.002734905082669933,0.0411959390862944,0.07493458771444382,0.054644619105199514,-0.056549012074643246,-0.029917783676177832
86,2020-03,3,2020,-0.04630608743774211,0.004666277712952161,0.045363130733944955,0.029206051527860995,0.04664228571428572,0.015560190369540873,-0.013829384164222875,-0.04876423499031633,-0.002734905082669933,0.0411959390862944,0.07493458771444382,0.054644619105199514,-0.056549012074643246
87,2020-04,4,2020,-0.10923166001140902,-0.04630608743774211,0.004666277712952161,0.045363130733944955,0.029206051527860995,0.04664228571428572,0.015560190369540873,-0.013829384164222875,-0.04876423499031633,-0.002734905082669933,0.0411959390862944,0.07493458771444382,0.054644619105199514
88,2020-05,5,2020,-0.057334547402249594,-0.10923166001140902,-0.04630608743774211,0.004666277712952161,0.045363130733944955,0.029206051527860995,0.04664228571428572,0.015560190369540873,-0.013829384164222875,-0.04876423499031633,-0.002734905082669933,0.0411959390862944,0.07493458771444382
89,2020-06,6,2020,-0.09132462857142858,-0.057334547402249594,-0.10923166001140902,-0.04630608743774211,0.004666277712952161,0.045363130733944955,0.029206051527860995,0.04664228571428572,0.015560190369540873,-0.013829384164222875,-0.04876423499031633,-0.002734905082669933,0.0411959390862944
90,2020-07,7,2020,0.030003689839572193,-0.09132462857142858,-0.057334547402249594,-0.10923166001140902,-0.04630608743774211,0.004666277712952161,0.045363130733944955,0.029206051527860995,0.04664228571428572,0.015560190369540873,-0.013829384164222875,-0.04876423499031633,-0.002734905082669933
91,2020-08,8,2020,-0.10578165137614677,0.030003689839572193,-0.09132462857142858,-0.057334547402249594,-0.10923166001140902,-0.04630608743774211,0.004666277712952161,0.045363130733944955,0.029206051527860995,0.04664228571428572,0.015560190369540873,-0.013829384164222875,-0.04876423499031633
92,2020-09,9,2020,0.009532700892857146,-0.10578165137614677,0.030003689839572193,-0.09132462857142858,-0.057334547402249594,-0.10923166001140902,-0.04630608743774211,0.004666277712952161,0.045363130733944955,0.029206051527860995,0.04664228571428572,0.015560190369540873,-0.013829384164222875
93,2020-10,10,2020,-0.033713657142857144,0.009532700892857146,-0.10578165137614677,0.030003689839572193,-0.09132462857142858,-0.057334547402249594,-0.10923166001140902,-0.04630608743774211,0.004666277712952161,0.045363130733944955,0.029206051527860995,0.04664228571428572,0.015560190369540873
94,2020-11,11,2020,-0.005079777158774374,-0.033713657142857144,0.009532700892857146,-0.10578165137614677,0.030003689839572193,-0.09132462857142858,-0.057334547402249594,-0.10923166001140902,-0.04630608743774211,0.004666277712952161,0.045363130733944955,0.029206051527860995,0.04664228571428572
95,2020-12,12,2020,-0.01411806629834254,-0.005079777158774374,-0.033713657142857144,0.009532700892857146,-0.10578165137614677,0.030003689839572193,-0.09132462857142858,-0.057334547402249594,-0.10923166001140902,-0.04630608743774211,0.004666277712952161,0.045363130733944955,0.029206051527860995
96,2021-01,1,2021,-0.10999885714285713,-0.01411806629834254,-0.005079777158774374,-0.033713657142857144,0.009532700892857146,-0.10578165137614677,0.030003689839572193,-0.09132462857142858,-0.057334547402249594,-0.10923166001140902,-0.04630608743774211,0.004666277712952161,0.045363130733944955
97,2021-02,2,2021,-0.04056437462951986,-0.10999885714285713,-0.01411806629834254,-0.005079777158774374,-0.033713657142857144,0.009532700892857146,-0.10578165137614677,0.030003689839572193,-0.09132462857142858,-0.057334547402249594,-0.10923166001140902,-0.04630608743774211,0.004666277712952161
98,2021-03,3,2021,-0.06788593659942363,-0.04056437462951986,-0.10999885714285713,-0.01411806629834254,-0.005079777158774374,-0.033713657142857144,0.009532700892857146,-0.10578165137614677,0.030003689839572193,-0.09132462857142858,-0.057334547402249594,-0.10923166001140902,-0.04630608743774211
99,2021-04,4,2021,-0.05388054763262978,-0.06788593659942363,-0.04056437462951986,-0.10999885714285713,-0.01411806629834254,-0.005079777158774374,-0.033713657142857144,0.009532700892857146,-0.10578165137614677,0.030003689839572193,-0.09132462857142858,-0.057334547402249594,-0.10923166001140902
100,2021-05,5,2021,-0.05800478237506717,-0.05388054763262978,-0.06788593659942363,-0.04056437462951986,-0.10999885714285713,-0.01411806629834254,-0.005079777158774374,-0.033713657142857144,0.009532700892857146,-0.10578165137614677,0.030003689839572193,-0.09132462857142858,-0.057334547402249594
101,2021-06,6,2021,-0.06814221711659967,-0.05800478237506717,-0.05388054763262978,-0.06788593659942363,-0.04056437462951986,-0.10999885714285713,-0.01411806629834254,-0.005079777158774374,-0.033713657142857144,0.009532700892857146,-0.10578165137614677,0.030003689839572193,-0.09132462857142858
102,2021-07,7,2021,-0.09176979110873058,-0.06814221711659967,-0.05800478237506717,-0.05388054763262978,-0.06788593659942363,-0.04056437462951986,-0.10999885714285713,-0.01411806629834254,-0.005079777158774374,-0.033713657142857144,0.009532700892857146,-0.10578165137614677,0.030003689839572193
103,2021-08,8,2021,-0.017789627959413752,-0.09176979110873058,-0.06814221711659967,-0.05800478237506717,-0.05388054763262978,-0.06788593659942363,-0.04056437462951986,-0.10999885714285713,-0.01411806629834254,-0.005079777158774374,-0.033713657142857144,0.009532700892857146,-0.10578165137614677
104,2021-09,9,2021,-0.03627036820572764,-0.017789627959413752,-0.09176979110873058,-0.06814221711659967,-0.05800478237506717,-0.05388054763262978,-0.06788593659942363,-0.04056437462951986,-0.10999885714285713,-0.01411806629834254,-0.005079777158774374,-0.033713657142857144,0.009532700892857146
105,2021-10,10,2021,-0.07189855153203342,-0.03627036820572764,-0.017789627959413752,-0.09176979110873058,-0.06814221711659967,-0.05800478237506717,-0.05388054763262978,-0.06788593659942363,-0.04056437462951986,-0.10999885714285713,-0.01411806629834254,-0.005079777158774374,-0.033713657142857144
106,2021-11,11,2021,-0.02050114285714286,-0.07189855153203342,-0.03627036820572764,-0.017789627959413752,-0.09176979110873058,-0.06814221711659967,-0.05800478237506717,-0.05388054763262978,-0.06788593659942363,-0.04056437462951986,-0.10999885714285713,-0.01411806629834254,-0.005079777158774374
107,2021-12,12,2021,-0.03453776451437873,-0.02050114285714286,-0.07189855153203342,-0.03627036820572764,-0.017789627959413752,-0.09176979110873058,-0.06814221711659967,-0.05800478237506717,-0.05388054763262978,-0.06788593659942363,-0.04056437462951986,-0.10999885714285713,-0.01411806629834254
108,2022-01,1,2022,-0.021548974082073437,-0.03453776451437873,-0.02050114285714286,-0.07189855153203342,-0.03627036820572764,-0.017789627959413752,-0.09176979110873058,-0.06814221711659967,-0.05800478237506717,-0.05388054763262978,-0.06788593659942363,-0.04056437462951986,-0.10999885714285713
109,2022-02,2,2022,-0.051409526736324526,-0.021548974082073437,-0.03453776451437873,-0.02050114285714286,-0.07189855153203342,-0.03627036820572764,-0.017789627959413752,-0.09176979110873058,-0.06814221711659967,-0.05800478237506717,-0.05388054763262978,-0.06788593659942363,-0.04056437462951986
110,2022-03,3,2022,0.050651657142857145,-0.051409526736324526,-0.021548974082073437,-0.03453776451437873,-0.02050114285714286,-0.07189855153203342,-0.03627036820572764,-0.017789627959413752,-0.09176979110873058,-0.06814221711659967,-0.05800478237506717,-0.05388054763262978,-0.06788593659942363
111,2022-04,4,2022,-0.05241677534084173,0.050651657142857145,-0.051409526736324526,-0.021548974082073437,-0.03453776451437873,-0.02050114285714286,-0.07189855153203342,-0.03627036820572764,-0.017789627959413752,-0.09176979110873058,-0.06814221711659967,-0.05800478237506717,-0.05388054763262978
112,2022-05,5,2022,0.004272103004291846,-0.05241677534084173,0.050651657142857145,-0.051409526736324526,-0.021548974082073437,-0.03453776451437873,-0.02050114285714286,-0.07189855153203342,-0.03627036820572764,-0.017789627959413752,-0.09176979110873058,-0.06814221711659967,-0.05800478237506717
113,2022-06,6,2022,-0.05233957126303593,0.004272103004291846,-0.05241677534084173,0.050651657142857145,-0.051409526736324526,-0.021548974082073437,-0.03453776451437873,-0.02050114285714286,-0.07189855153203342,-0.03627036820572764,-0.017789627959413752,-0.09176979110873058,-0.06814221711659967
114,2022-07,7,2022,0.03777274256870443,-0.05233957126303593,0.004272103004291846,-0.05241677534084173,0.050651657142857145,-0.051409526736324526,-0.021548974082073437,-0.03453776451437873,-0.02050114285714286,-0.07189855153203342,-0.03627036820572764,-0.017789627959413752,-0.09176979110873058
115,2022-08,8,2022,-0.012927869727709557,0.03777274256870443,-0.05233957126303593,0.004272103004291846,-0.05241677534084173,0.050651657142857145,-0.051409526736324526,-0.021548974082073437,-0.03453776451437873,-0.02050114285714286,-0.07189855153203342,-0.03627036820572764,-0.017789627959413752
116,2022-09,9,2022,-0.04890335382895472,-0.012927869727709557,0.03777274256870443,-0.05233957126303593,0.004272103004291846,-0.05241677534084173,0.050651657142857145,-0.051409526736324526,-0.021548974082073437,-0.03453776451437873,-0.02050114285714286,-0.07189855153203342,-0.03627036820572764
117,2022-10,10,2022,0.04740198895027624,-0.04890335382895472,-0.012927869727709557,0.03777274256870443,-0.05233957126303593,0.004272103004291846,-0.05241677534084173,0.050651657142857145,-0.051409526736324526,-0.021548974082073437,-0.03453776451437873,-0.02050114285714286,-0.07189855153203342
118,2022-11,11,2022,-0.06889047326367548,0.04740198895027624,-0.04890335382895472,-0.012927869727709557,0.03777274256870443,-0.05233957126303593,0.004272103004291846,-0.05241677534084173,0.050651657142857145,-0.051409526736324526,-0.021548974082073437,-0.03453776451437873,-0.02050114285714286
119,2022-12,12,2022,-0.06189796255506608,-0.06889047326367548,0.04740198895027624,-0.04890335382895472,-0.012927869727709557,0.03777274256870443,-0.05233957126303593,0.004272103004291846,-0.05241677534084173,0.050651657142857145,-0.051409526736324526,-0.021548974082073437,-0.03453776451437873
120,2023-01,1,2023,-0.044895240825688076,-0.06189796255506608,-0.06889047326367548,0.04740198895027624,-0.04890335382895472,-0.012927869727709557,0.03777274256870443,-0.05233957126303593,0.004272103004291846,-0.05241677534084173,0.050651657142857145,-0.051409526736324526,-0.021548974082073437
121,2023-02,2,2023,-0.009990361445783132,-0.044895240825688076,-0.06189796255506608,-0.06889047326367548,0.04740198895027624,-0.04890335382895472,-0.012927869727709557,0.03777274256870443,-0.05233957126303593,0.004272103004291846,-0.05241677534084173,0.050651657142857145,-0.051409526736324526
122,2023-03,3,2023,-0.12524669532509405,-0.009990361445783132,-0.044895240825688076,-0.06189796255506608,-0.06889047326367548,0.04740198895027624,-0.04890335382895472,-0.012927869727709557,0.03777274256870443,-0.05233957126303593,0.004272103004291846,-0.05241677534084173,0.050651657142857145
