date,year,month,GDP,Temperature,Unemployment Rate,Normalised GDP,Normalised Temperature,Normalised Unemployment Rate,Unnamed: 8,Normalised GDP_lag_1,Normalised Temperature_lag_1,Normalised Unemployment Rate_lag_1,Normalised GDP_lag_2,Normalised Temperature_lag_2,Normalised Unemployment Rate_lag_2,Normalised GDP_lag_3,Normalised Temperature_lag_3,Normalised Unemployment Rate_lag_3,Normalised GDP_lag_4,Normalised Temperature_lag_4,Normalised Unemployment Rate_lag_4,Normalised GDP_lag_5,Normalised Temperature_lag_5,Normalised Unemployment Rate_lag_5,Normalised GDP_lag_6,Normalised Temperature_lag_6,Normalised Unemployment Rate_lag_6,Normalised GDP_lag_7,Normalised Temperature_lag_7,Normalised Unemployment Rate_lag_7,Normalised GDP_lag_8,Normalised Temperature_lag_8,Normalised Unemployment Rate_lag_8,Normalised GDP_lag_9,Normalised Temperature_lag_9,Normalised Unemployment Rate_lag_9,Normalised GDP_lag_10,Normalised Temperature_lag_10,Normalised Unemployment Rate_lag_10,Normalised GDP_lag_11,Normalised Temperature_lag_11,Normalised Unemployment Rate_lag_11,Normalised GDP_lag_12,Normalised Temperature_lag_12,Normalised Unemployment Rate_lag_12
01/03/2014,2014,3,505572,6.7,6.6,-1.013688866,-0.649923329,2.782701604,,,,,,,,,,,,,,,,,,,,,,,,,,,,,,,,,,,,,
01/04/2014,2014,4,509636,9.2,6.4,-0.948245626,-0.061146377,2.511400643,,-1.013688866,-0.649923329,2.782701604,,,,,,,,,,,,,,,,,,,,,,,,,,,,,,,,,
01/05/2014,2014,5,511939,11.2,6.3,-0.911160049,0.409875184,2.375750162,,-0.948245626,-0.061146377,2.511400643,-1.013688866,-0.649923329,2.782701604,,,,,,,,,,,,,,,,,,,,,,,,,,,,,,
01/06/2014,2014,6,513464,14.2,6.1,-0.886602731,1.116407526,2.104449201,,-0.911160049,0.409875184,2.375750162,-0.948245626,-0.061146377,2.511400643,-1.013688866,-0.649923329,2.782701604,,,,,,,,,,,,,,,,,,,,,,,,,,,
01/07/2014,2014,7,517253,16.3,6,-0.82558786,1.610980166,1.96879872,,-0.886602731,1.116407526,2.104449201,-0.911160049,0.409875184,2.375750162,-0.948245626,-0.061146377,2.511400643,-1.013688866,-0.649923329,2.782701604,,,,,,,,,,,,,,,,,,,,,,,,
01/08/2014,2014,8,520279,13.9,6,-0.776859699,1.045754292,1.96879872,,-0.82558786,1.610980166,1.96879872,-0.886602731,1.116407526,2.104449201,-0.911160049,0.409875184,2.375750162,-0.948245626,-0.061146377,2.511400643,-1.013688866,-0.649923329,2.782701604,,,,,,,,,,,,,,,,,,,,,
01/09/2014,2014,9,523512,13.9,6,-0.724798185,1.045754292,1.96879872,,-0.776859699,1.045754292,1.96879872,-0.82558786,1.610980166,1.96879872,-0.886602731,1.116407526,2.104449201,-0.911160049,0.409875184,2.375750162,-0.948245626,-0.061146377,2.511400643,-1.013688866,-0.649923329,2.782701604,,,,,,,,,,,,,,,,,,
01/10/2014,2014,10,527683,11,5.9,-0.657631907,0.362773028,1.833148239,,-0.724798185,1.045754292,1.96879872,-0.776859699,1.045754292,1.96879872,-0.82558786,1.610980166,1.96879872,-0.886602731,1.116407526,2.104449201,-0.911160049,0.409875184,2.375750162,-0.948245626,-0.061146377,2.511400643,-1.013688866,-0.649923329,2.782701604,,,,,,,,,,,,,,,
01/11/2014,2014,11,528683,7.6,5.7,-0.641528747,-0.437963626,1.561847278,,-0.657631907,0.362773028,1.833148239,-0.724798185,1.045754292,1.96879872,-0.776859699,1.045754292,1.96879872,-0.82558786,1.610980166,1.96879872,-0.886602731,1.116407526,2.104449201,-0.911160049,0.409875184,2.375750162,-0.948245626,-0.061146377,2.511400643,-1.013688866,-0.649923329,2.782701604,,,,,,,,,,,,
01/12/2014,2014,12,539679,4.4,5.7,-0.464458406,-1.191598124,1.561847278,,-0.641528747,-0.437963626,1.561847278,-0.657631907,0.362773028,1.833148239,-0.724798185,1.045754292,1.96879872,-0.776859699,1.045754292,1.96879872,-0.82558786,1.610980166,1.96879872,-0.886602731,1.116407526,2.104449201,-0.911160049,0.409875184,2.375750162,-0.948245626,-0.061146377,2.511400643,-1.013688866,-0.649923329,2.782701604,,,,,,,,,
01/01/2015,2015,1,557081,3.7,5.6,-0.184231225,-1.356455671,1.426196797,,-0.464458406,-1.191598124,1.561847278,-0.641528747,-0.437963626,1.561847278,-0.657631907,0.362773028,1.833148239,-0.724798185,1.045754292,1.96879872,-0.776859699,1.045754292,1.96879872,-0.82558786,1.610980166,1.96879872,-0.886602731,1.116407526,2.104449201,-0.911160049,0.409875184,2.375750162,-0.948245626,-0.061146377,2.511400643,-1.013688866,-0.649923329,2.782701604,,,,,,
01/02/2015,2015,2,531163,3.5,5.5,-0.601592912,-1.403557827,1.290546317,,-0.184231225,-1.356455671,1.426196797,-0.464458406,-1.191598124,1.561847278,-0.641528747,-0.437963626,1.561847278,-0.657631907,0.362773028,1.833148239,-0.724798185,1.045754292,1.96879872,-0.776859699,1.045754292,1.96879872,-0.82558786,1.610980166,1.96879872,-0.886602731,1.116407526,2.104449201,-0.911160049,0.409875184,2.375750162,-0.948245626,-0.061146377,2.511400643,-1.013688866,-0.649923329,2.782701604,,,
01/03/2015,2015,3,505572,5.5,5.5,-1.013688866,-0.932536265,1.290546317,,-0.601592912,-1.403557827,1.290546317,-0.184231225,-1.356455671,1.426196797,-0.464458406,-1.191598124,1.561847278,-0.641528747,-0.437963626,1.561847278,-0.657631907,0.362773028,1.833148239,-0.724798185,1.045754292,1.96879872,-0.776859699,1.045754292,1.96879872,-0.82558786,1.610980166,1.96879872,-0.886602731,1.116407526,2.104449201,-0.911160049,0.409875184,2.375750162,-0.948245626,-0.061146377,2.511400643,-1.013688866,-0.649923329,2.782701604
01/04/2015,2015,4,509636,7.9,5.6,-0.948245626,-0.367310392,1.426196797,,-1.013688866,-0.932536265,1.290546317,-0.601592912,-1.403557827,1.290546317,-0.184231225,-1.356455671,1.426196797,-0.464458406,-1.191598124,1.561847278,-0.641528747,-0.437963626,1.561847278,-0.657631907,0.362773028,1.833148239,-0.724798185,1.045754292,1.96879872,-0.776859699,1.045754292,1.96879872,-0.82558786,1.610980166,1.96879872,-0.886602731,1.116407526,2.104449201,-0.911160049,0.409875184,2.375750162,-0.948245626,-0.061146377,2.511400643
01/05/2015,2015,5,524797,9.5,5.6,-0.704105625,0.009506857,1.426196797,,-0.948245626,-0.367310392,1.426196797,-1.013688866,-0.932536265,1.290546317,-0.601592912,-1.403557827,1.290546317,-0.184231225,-1.356455671,1.426196797,-0.464458406,-1.191598124,1.561847278,-0.641528747,-0.437963626,1.561847278,-0.657631907,0.362773028,1.833148239,-0.724798185,1.045754292,1.96879872,-0.776859699,1.045754292,1.96879872,-0.82558786,1.610980166,1.96879872,-0.886602731,1.116407526,2.104449201,-0.911160049,0.409875184,2.375750162
01/06/2015,2015,6,528565,12.7,5.5,-0.64342892,0.763141355,1.290546317,,-0.704105625,0.009506857,1.426196797,-0.948245626,-0.367310392,1.426196797,-1.013688866,-0.932536265,1.290546317,-0.601592912,-1.403557827,1.290546317,-0.184231225,-1.356455671,1.426196797,-0.464458406,-1.191598124,1.561847278,-0.641528747,-0.437963626,1.561847278,-0.657631907,0.362773028,1.833148239,-0.724798185,1.045754292,1.96879872,-0.776859699,1.045754292,1.96879872,-0.82558786,1.610980166,1.96879872,-0.886602731,1.116407526,2.104449201
01/07/2015,2015,7,536255,14.4,5.4,-0.519595624,1.163509682,1.154895836,,-0.64342892,0.763141355,1.290546317,-0.704105625,0.009506857,1.426196797,-0.948245626,-0.367310392,1.426196797,-1.013688866,-0.932536265,1.290546317,-0.601592912,-1.403557827,1.290546317,-0.184231225,-1.356455671,1.426196797,-0.464458406,-1.191598124,1.561847278,-0.641528747,-0.437963626,1.561847278,-0.657631907,0.362773028,1.833148239,-0.724798185,1.045754292,1.96879872,-0.776859699,1.045754292,1.96879872,-0.82558786,1.610980166,1.96879872
01/08/2015,2015,8,547663,14.7,5.3,-0.33589078,1.234162917,1.019245355,,-0.519595624,1.163509682,1.154895836,-0.64342892,0.763141355,1.290546317,-0.704105625,0.009506857,1.426196797,-0.948245626,-0.367310392,1.426196797,-1.013688866,-0.932536265,1.290546317,-0.601592912,-1.403557827,1.290546317,-0.184231225,-1.356455671,1.426196797,-0.464458406,-1.191598124,1.561847278,-0.641528747,-0.437963626,1.561847278,-0.657631907,0.362773028,1.833148239,-0.724798185,1.045754292,1.96879872,-0.776859699,1.045754292,1.96879872
01/09/2015,2015,9,557012,11.9,5.2,-0.185342343,0.574732731,0.883594874,,-0.33589078,1.234162917,1.019245355,-0.519595624,1.163509682,1.154895836,-0.64342892,0.763141355,1.290546317,-0.704105625,0.009506857,1.426196797,-0.948245626,-0.367310392,1.426196797,-1.013688866,-0.932536265,1.290546317,-0.601592912,-1.403557827,1.290546317,-0.184231225,-1.356455671,1.426196797,-0.464458406,-1.191598124,1.561847278,-0.641528747,-0.437963626,1.561847278,-0.657631907,0.362773028,1.833148239,-0.724798185,1.045754292,1.96879872
01/10/2015,2015,10,561410,10,5.1,-0.114520647,0.127262248,0.747944394,,-0.185342343,0.574732731,0.883594874,-0.33589078,1.234162917,1.019245355,-0.519595624,1.163509682,1.154895836,-0.64342892,0.763141355,1.290546317,-0.704105625,0.009506857,1.426196797,-0.948245626,-0.367310392,1.426196797,-1.013688866,-0.932536265,1.290546317,-0.601592912,-1.403557827,1.290546317,-0.184231225,-1.356455671,1.426196797,-0.464458406,-1.191598124,1.561847278,-0.641528747,-0.437963626,1.561847278,-0.657631907,0.362773028,1.833148239
01/11/2015,2015,11,553927,8.1,5.1,-0.235020589,-0.320208236,0.747944394,,-0.114520647,0.127262248,0.747944394,-0.185342343,0.574732731,0.883594874,-0.33589078,1.234162917,1.019245355,-0.519595624,1.163509682,1.154895836,-0.64342892,0.763141355,1.290546317,-0.704105625,0.009506857,1.426196797,-0.948245626,-0.367310392,1.426196797,-1.013688866,-0.932536265,1.290546317,-0.601592912,-1.403557827,1.290546317,-0.184231225,-1.356455671,1.426196797,-0.464458406,-1.191598124,1.561847278,-0.641528747,-0.437963626,1.561847278
01/12/2015,2015,12,489154,7.9,5.1,-1.278070538,-0.367310392,0.747944394,,-0.235020589,-0.320208236,0.747944394,-0.114520647,0.127262248,0.747944394,-0.185342343,0.574732731,0.883594874,-0.33589078,1.234162917,1.019245355,-0.519595624,1.163509682,1.154895836,-0.64342892,0.763141355,1.290546317,-0.704105625,0.009506857,1.426196797,-0.948245626,-0.367310392,1.426196797,-1.013688866,-0.932536265,1.290546317,-0.601592912,-1.403557827,1.290546317,-0.184231225,-1.356455671,1.426196797,-0.464458406,-1.191598124,1.561847278
01/01/2016,2016,1,489154,4.5,5.1,-1.278070538,-1.168047046,0.747944394,,-1.278070538,-0.367310392,0.747944394,-0.235020589,-0.320208236,0.747944394,-0.114520647,0.127262248,0.747944394,-0.185342343,0.574732731,0.883594874,-0.33589078,1.234162917,1.019245355,-0.519595624,1.163509682,1.154895836,-0.64342892,0.763141355,1.290546317,-0.704105625,0.009506857,1.426196797,-0.948245626,-0.367310392,1.426196797,-1.013688866,-0.932536265,1.290546317,-0.601592912,-1.403557827,1.290546317,-0.184231225,-1.356455671,1.426196797
01/02/2016,2016,2,467652,3.8,5.1,-1.624320673,-1.332904593,0.747944394,,-1.278070538,-1.168047046,0.747944394,-1.278070538,-0.367310392,0.747944394,-0.235020589,-0.320208236,0.747944394,-0.114520647,0.127262248,0.747944394,-0.185342343,0.574732731,0.883594874,-0.33589078,1.234162917,1.019245355,-0.519595624,1.163509682,1.154895836,-0.64342892,0.763141355,1.290546317,-0.704105625,0.009506857,1.426196797,-0.948245626,-0.367310392,1.426196797,-1.013688866,-0.932536265,1.290546317,-0.601592912,-1.403557827,1.290546317
01/03/2016,2016,3,506565,5.3,5,-0.997698428,-0.979638422,0.612293913,,-1.624320673,-1.332904593,0.747944394,-1.278070538,-1.168047046,0.747944394,-1.278070538,-0.367310392,0.747944394,-0.235020589,-0.320208236,0.747944394,-0.114520647,0.127262248,0.747944394,-0.185342343,0.574732731,0.883594874,-0.33589078,1.234162917,1.019245355,-0.519595624,1.163509682,1.154895836,-0.64342892,0.763141355,1.290546317,-0.704105625,0.009506857,1.426196797,-0.948245626,-0.367310392,1.426196797,-1.013688866,-0.932536265,1.290546317
01/04/2016,2016,4,506938,6.5,4.9,-0.99169195,-0.697025485,0.476643432,,-0.997698428,-0.979638422,0.612293913,-1.624320673,-1.332904593,0.747944394,-1.278070538,-1.168047046,0.747944394,-1.278070538,-0.367310392,0.747944394,-0.235020589,-0.320208236,0.747944394,-0.114520647,0.127262248,0.747944394,-0.185342343,0.574732731,0.883594874,-0.33589078,1.234162917,1.019245355,-0.519595624,1.163509682,1.154895836,-0.64342892,0.763141355,1.290546317,-0.704105625,0.009506857,1.426196797,-0.948245626,-0.367310392,1.426196797
01/05/2016,2016,5,520715,11.3,4.9,-0.769838722,0.433426262,0.476643432,,-0.99169195,-0.697025485,0.476643432,-0.997698428,-0.979638422,0.612293913,-1.624320673,-1.332904593,0.747944394,-1.278070538,-1.168047046,0.747944394,-1.278070538,-0.367310392,0.747944394,-0.235020589,-0.320208236,0.747944394,-0.114520647,0.127262248,0.747944394,-0.185342343,0.574732731,0.883594874,-0.33589078,1.234162917,1.019245355,-0.519595624,1.163509682,1.154895836,-0.64342892,0.763141355,1.290546317,-0.704105625,0.009506857,1.426196797
01/06/2016,2016,6,541831,13.9,4.9,-0.429804406,1.045754292,0.476643432,,-0.769838722,0.433426262,0.476643432,-0.99169195,-0.697025485,0.476643432,-0.997698428,-0.979638422,0.612293913,-1.624320673,-1.332904593,0.747944394,-1.278070538,-1.168047046,0.747944394,-1.278070538,-0.367310392,0.747944394,-0.235020589,-0.320208236,0.747944394,-0.114520647,0.127262248,0.747944394,-0.185342343,0.574732731,0.883594874,-0.33589078,1.234162917,1.019245355,-0.519595624,1.163509682,1.154895836,-0.64342892,0.763141355,1.290546317
01/07/2016,2016,7,550654,15.3,5,-0.28772623,1.375469385,0.612293913,,-0.429804406,1.045754292,0.476643432,-0.769838722,0.433426262,0.476643432,-0.99169195,-0.697025485,0.476643432,-0.997698428,-0.979638422,0.612293913,-1.624320673,-1.332904593,0.747944394,-1.278070538,-1.168047046,0.747944394,-1.278070538,-0.367310392,0.747944394,-0.235020589,-0.320208236,0.747944394,-0.114520647,0.127262248,0.747944394,-0.185342343,0.574732731,0.883594874,-0.33589078,1.234162917,1.019245355,-0.519595624,1.163509682,1.154895836
01/08/2016,2016,8,556173,15.5,4.8,-0.198852893,1.422571541,0.340992952,,-0.28772623,1.375469385,0.612293913,-0.429804406,1.045754292,0.476643432,-0.769838722,0.433426262,0.476643432,-0.99169195,-0.697025485,0.476643432,-0.997698428,-0.979638422,0.612293913,-1.624320673,-1.332904593,0.747944394,-1.278070538,-1.168047046,0.747944394,-1.278070538,-0.367310392,0.747944394,-0.235020589,-0.320208236,0.747944394,-0.114520647,0.127262248,0.747944394,-0.185342343,0.574732731,0.883594874,-0.33589078,1.234162917,1.019245355
01/09/2016,2016,9,557167,14.6,4.8,-0.182846353,1.210611839,0.340992952,,-0.198852893,1.422571541,0.340992952,-0.28772623,1.375469385,0.612293913,-0.429804406,1.045754292,0.476643432,-0.769838722,0.433426262,0.476643432,-0.99169195,-0.697025485,0.476643432,-0.997698428,-0.979638422,0.612293913,-1.624320673,-1.332904593,0.747944394,-1.278070538,-1.168047046,0.747944394,-1.278070538,-0.367310392,0.747944394,-0.235020589,-0.320208236,0.747944394,-0.114520647,0.127262248,0.747944394,-0.185342343,0.574732731,0.883594874
01/10/2016,2016,10,557548,9.8,4.8,-0.176711049,0.080160091,0.340992952,,-0.182846353,1.210611839,0.340992952,-0.198852893,1.422571541,0.340992952,-0.28772623,1.375469385,0.612293913,-0.429804406,1.045754292,0.476643432,-0.769838722,0.433426262,0.476643432,-0.99169195,-0.697025485,0.476643432,-0.997698428,-0.979638422,0.612293913,-1.624320673,-1.332904593,0.747944394,-1.278070538,-1.168047046,0.747944394,-1.278070538,-0.367310392,0.747944394,-0.235020589,-0.320208236,0.747944394,-0.114520647,0.127262248,0.747944394
01/11/2016,2016,11,556066,4.9,4.7,-0.200575931,-1.073842734,0.205342471,,-0.176711049,0.080160091,0.340992952,-0.182846353,1.210611839,0.340992952,-0.198852893,1.422571541,0.340992952,-0.28772623,1.375469385,0.612293913,-0.429804406,1.045754292,0.476643432,-0.769838722,0.433426262,0.476643432,-0.99169195,-0.697025485,0.476643432,-0.997698428,-0.979638422,0.612293913,-1.624320673,-1.332904593,0.747944394,-1.278070538,-1.168047046,0.747944394,-1.278070538,-0.367310392,0.747944394,-0.235020589,-0.320208236,0.747944394
01/12/2016,2016,12,559089,5.9,4.7,-0.15189608,-0.838331953,0.205342471,,-0.200575931,-1.073842734,0.205342471,-0.176711049,0.080160091,0.340992952,-0.182846353,1.210611839,0.340992952,-0.198852893,1.422571541,0.340992952,-0.28772623,1.375469385,0.612293913,-0.429804406,1.045754292,0.476643432,-0.769838722,0.433426262,0.476643432,-0.99169195,-0.697025485,0.476643432,-0.997698428,-0.979638422,0.612293913,-1.624320673,-1.332904593,0.747944394,-1.278070538,-1.168047046,0.747944394,-1.278070538,-0.367310392,0.747944394
01/01/2017,2017,1,562051,3.8,4.6,-0.104198522,-1.332904593,0.06969199,,-0.15189608,-0.838331953,0.205342471,-0.200575931,-1.073842734,0.205342471,-0.176711049,0.080160091,0.340992952,-0.182846353,1.210611839,0.340992952,-0.198852893,1.422571541,0.340992952,-0.28772623,1.375469385,0.612293913,-0.429804406,1.045754292,0.476643432,-0.769838722,0.433426262,0.476643432,-0.99169195,-0.697025485,0.476643432,-0.997698428,-0.979638422,0.612293913,-1.624320673,-1.332904593,0.747944394,-1.278070538,-1.168047046,0.747944394
01/02/2017,2017,2,566501,5.2,4.6,-0.032539462,-1.0031895,0.06969199,,-0.104198522,-1.332904593,0.06969199,-0.15189608,-0.838331953,0.205342471,-0.200575931,-1.073842734,0.205342471,-0.176711049,0.080160091,0.340992952,-0.182846353,1.210611839,0.340992952,-0.198852893,1.422571541,0.340992952,-0.28772623,1.375469385,0.612293913,-0.429804406,1.045754292,0.476643432,-0.769838722,0.433426262,0.476643432,-0.99169195,-0.697025485,0.476643432,-0.997698428,-0.979638422,0.612293913,-1.624320673,-1.332904593,0.747944394
01/03/2017,2017,3,573554,7.3,4.5,0.081036121,-0.50861686,-0.065958491,,-0.032539462,-1.0031895,0.06969199,-0.104198522,-1.332904593,0.06969199,-0.15189608,-0.838331953,0.205342471,-0.200575931,-1.073842734,0.205342471,-0.176711049,0.080160091,0.340992952,-0.182846353,1.210611839,0.340992952,-0.198852893,1.422571541,0.340992952,-0.28772623,1.375469385,0.612293913,-0.429804406,1.045754292,0.476643432,-0.769838722,0.433426262,0.476643432,-0.99169195,-0.697025485,0.476643432,-0.997698428,-0.979638422,0.612293913
01/04/2017,2017,4,580607,8,4.4,0.194611705,-0.343759314,-0.201608971,,0.081036121,-0.50861686,-0.065958491,-0.032539462,-1.0031895,0.06969199,-0.104198522,-1.332904593,0.06969199,-0.15189608,-0.838331953,0.205342471,-0.200575931,-1.073842734,0.205342471,-0.176711049,0.080160091,0.340992952,-0.182846353,1.210611839,0.340992952,-0.198852893,1.422571541,0.340992952,-0.28772623,1.375469385,0.612293913,-0.429804406,1.045754292,0.476643432,-0.769838722,0.433426262,0.476643432,-0.99169195,-0.697025485,0.476643432
01/05/2017,2017,5,583662,12.1,4.4,0.243806857,0.621834887,-0.201608971,,0.194611705,-0.343759314,-0.201608971,0.081036121,-0.50861686,-0.065958491,-0.032539462,-1.0031895,0.06969199,-0.104198522,-1.332904593,0.06969199,-0.15189608,-0.838331953,0.205342471,-0.200575931,-1.073842734,0.205342471,-0.176711049,0.080160091,0.340992952,-0.182846353,1.210611839,0.340992952,-0.198852893,1.422571541,0.340992952,-0.28772623,1.375469385,0.612293913,-0.429804406,1.045754292,0.476643432,-0.769838722,0.433426262,0.476643432
01/06/2017,2017,6,584018,14.4,4.3,0.249539582,1.163509682,-0.337259452,,0.243806857,0.621834887,-0.201608971,0.194611705,-0.343759314,-0.201608971,0.081036121,-0.50861686,-0.065958491,-0.032539462,-1.0031895,0.06969199,-0.104198522,-1.332904593,0.06969199,-0.15189608,-0.838331953,0.205342471,-0.200575931,-1.073842734,0.205342471,-0.176711049,0.080160091,0.340992952,-0.182846353,1.210611839,0.340992952,-0.198852893,1.422571541,0.340992952,-0.28772623,1.375469385,0.612293913,-0.429804406,1.045754292,0.476643432
01/07/2017,2017,7,589555,15.1,4.3,0.338702776,1.328367229,-0.337259452,,0.249539582,1.163509682,-0.337259452,0.243806857,0.621834887,-0.201608971,0.194611705,-0.343759314,-0.201608971,0.081036121,-0.50861686,-0.065958491,-0.032539462,-1.0031895,0.06969199,-0.104198522,-1.332904593,0.06969199,-0.15189608,-0.838331953,0.205342471,-0.200575931,-1.073842734,0.205342471,-0.176711049,0.080160091,0.340992952,-0.182846353,1.210611839,0.340992952,-0.198852893,1.422571541,0.340992952,-0.28772623,1.375469385,0.612293913
01/08/2017,2017,8,592795,14.5,4.3,0.390877013,1.187060761,-0.337259452,,0.338702776,1.328367229,-0.337259452,0.249539582,1.163509682,-0.337259452,0.243806857,0.621834887,-0.201608971,0.194611705,-0.343759314,-0.201608971,0.081036121,-0.50861686,-0.065958491,-0.032539462,-1.0031895,0.06969199,-0.104198522,-1.332904593,0.06969199,-0.15189608,-0.838331953,0.205342471,-0.200575931,-1.073842734,0.205342471,-0.176711049,0.080160091,0.340992952,-0.182846353,1.210611839,0.340992952,-0.198852893,1.422571541,0.340992952
01/09/2017,2017,9,596035,12.5,4.2,0.44305125,0.716039199,-0.472909933,,0.390877013,1.187060761,-0.337259452,0.338702776,1.328367229,-0.337259452,0.249539582,1.163509682,-0.337259452,0.243806857,0.621834887,-0.201608971,0.194611705,-0.343759314,-0.201608971,0.081036121,-0.50861686,-0.065958491,-0.032539462,-1.0031895,0.06969199,-0.104198522,-1.332904593,0.06969199,-0.15189608,-0.838331953,0.205342471,-0.200575931,-1.073842734,0.205342471,-0.176711049,0.080160091,0.340992952,-0.182846353,1.210611839,0.340992952
01/10/2017,2017,10,601346,11.2,4.3,0.52857513,0.409875184,-0.337259452,,0.44305125,0.716039199,-0.472909933,0.390877013,1.187060761,-0.337259452,0.338702776,1.328367229,-0.337259452,0.249539582,1.163509682,-0.337259452,0.243806857,0.621834887,-0.201608971,0.194611705,-0.343759314,-0.201608971,0.081036121,-0.50861686,-0.065958491,-0.032539462,-1.0031895,0.06969199,-0.104198522,-1.332904593,0.06969199,-0.15189608,-0.838331953,0.205342471,-0.200575931,-1.073842734,0.205342471,-0.176711049,0.080160091,0.340992952
01/11/2017,2017,11,604427,5.7,4.4,0.578188964,-0.885434109,-0.201608971,,0.52857513,0.409875184,-0.337259452,0.44305125,0.716039199,-0.472909933,0.390877013,1.187060761,-0.337259452,0.338702776,1.328367229,-0.337259452,0.249539582,1.163509682,-0.337259452,0.243806857,0.621834887,-0.201608971,0.194611705,-0.343759314,-0.201608971,0.081036121,-0.50861686,-0.065958491,-0.032539462,-1.0031895,0.06969199,-0.104198522,-1.332904593,0.06969199,-0.15189608,-0.838331953,0.205342471,-0.200575931,-1.073842734,0.205342471
01/12/2017,2017,12,609080,4.1,4.3,0.653116965,-1.262251358,-0.337259452,,0.578188964,-0.885434109,-0.201608971,0.52857513,0.409875184,-0.337259452,0.44305125,0.716039199,-0.472909933,0.390877013,1.187060761,-0.337259452,0.338702776,1.328367229,-0.337259452,0.249539582,1.163509682,-0.337259452,0.243806857,0.621834887,-0.201608971,0.194611705,-0.343759314,-0.201608971,0.081036121,-0.50861686,-0.065958491,-0.032539462,-1.0031895,0.06969199,-0.104198522,-1.332904593,0.06969199,-0.15189608,-0.838331953,0.205342471
01/01/2018,2018,1,612161,4,4.2,0.702730799,-1.285802436,-0.472909933,,0.653116965,-1.262251358,-0.337259452,0.578188964,-0.885434109,-0.201608971,0.52857513,0.409875184,-0.337259452,0.44305125,0.716039199,-0.472909933,0.390877013,1.187060761,-0.337259452,0.338702776,1.328367229,-0.337259452,0.249539582,1.163509682,-0.337259452,0.243806857,0.621834887,-0.201608971,0.194611705,-0.343759314,-0.201608971,0.081036121,-0.50861686,-0.065958491,-0.032539462,-1.0031895,0.06969199,-0.104198522,-1.332904593,0.06969199
01/02/2018,2018,2,615243,2.3,4.2,0.752360737,-1.686170764,-0.472909933,,0.702730799,-1.285802436,-0.472909933,0.653116965,-1.262251358,-0.337259452,0.578188964,-0.885434109,-0.201608971,0.52857513,0.409875184,-0.337259452,0.44305125,0.716039199,-0.472909933,0.390877013,1.187060761,-0.337259452,0.338702776,1.328367229,-0.337259452,0.249539582,1.163509682,-0.337259452,0.243806857,0.621834887,-0.201608971,0.194611705,-0.343759314,-0.201608971,0.081036121,-0.50861686,-0.065958491,-0.032539462,-1.0031895,0.06969199
01/03/2018,2018,3,618325,3.8,4.2,0.801990674,-1.332904593,-0.472909933,,0.752360737,-1.686170764,-0.472909933,0.702730799,-1.285802436,-0.472909933,0.653116965,-1.262251358,-0.337259452,0.578188964,-0.885434109,-0.201608971,0.52857513,0.409875184,-0.337259452,0.44305125,0.716039199,-0.472909933,0.390877013,1.187060761,-0.337259452,0.338702776,1.328367229,-0.337259452,0.249539582,1.163509682,-0.337259452,0.243806857,0.621834887,-0.201608971,0.194611705,-0.343759314,-0.201608971,0.081036121,-0.50861686,-0.065958491
01/04/2018,2018,4,619646,8.4,4.2,0.823262948,-0.249555002,-0.472909933,,0.801990674,-1.332904593,-0.472909933,0.752360737,-1.686170764,-0.472909933,0.702730799,-1.285802436,-0.472909933,0.653116965,-1.262251358,-0.337259452,0.578188964,-0.885434109,-0.201608971,0.52857513,0.409875184,-0.337259452,0.44305125,0.716039199,-0.472909933,0.390877013,1.187060761,-0.337259452,0.338702776,1.328367229,-0.337259452,0.249539582,1.163509682,-0.337259452,0.243806857,0.621834887,-0.201608971,0.194611705,-0.343759314,-0.201608971
01/05/2018,2018,5,626317,12,4,0.930687125,0.598283809,-0.744210894,,0.823262948,-0.249555002,-0.472909933,0.801990674,-1.332904593,-0.472909933,0.752360737,-1.686170764,-0.472909933,0.702730799,-1.285802436,-0.472909933,0.653116965,-1.262251358,-0.337259452,0.578188964,-0.885434109,-0.201608971,0.52857513,0.409875184,-0.337259452,0.44305125,0.716039199,-0.472909933,0.390877013,1.187060761,-0.337259452,0.338702776,1.328367229,-0.337259452,0.249539582,1.163509682,-0.337259452,0.243806857,0.621834887,-0.201608971
01/06/2018,2018,6,631183,14.8,4,1.009045099,1.257713995,-0.744210894,,0.930687125,0.598283809,-0.744210894,0.823262948,-0.249555002,-0.472909933,0.801990674,-1.332904593,-0.472909933,0.752360737,-1.686170764,-0.472909933,0.702730799,-1.285802436,-0.472909933,0.653116965,-1.262251358,-0.337259452,0.578188964,-0.885434109,-0.201608971,0.52857513,0.409875184,-0.337259452,0.44305125,0.716039199,-0.472909933,0.390877013,1.187060761,-0.337259452,0.338702776,1.328367229,-0.337259452,0.249539582,1.163509682,-0.337259452
01/07/2018,2018,7,634309,17.2,4,1.059383575,1.822939868,-0.744210894,,1.009045099,1.257713995,-0.744210894,0.930687125,0.598283809,-0.744210894,0.823262948,-0.249555002,-0.472909933,0.801990674,-1.332904593,-0.472909933,0.752360737,-1.686170764,-0.472909933,0.702730799,-1.285802436,-0.472909933,0.653116965,-1.262251358,-0.337259452,0.578188964,-0.885434109,-0.201608971,0.52857513,0.409875184,-0.337259452,0.44305125,0.716039199,-0.472909933,0.390877013,1.187060761,-0.337259452,0.338702776,1.328367229,-0.337259452
01/08/2018,2018,8,638965,15.2,4.1,1.134359886,1.351918307,-0.608560413,,1.059383575,1.822939868,-0.744210894,1.009045099,1.257713995,-0.744210894,0.930687125,0.598283809,-0.744210894,0.823262948,-0.249555002,-0.472909933,0.801990674,-1.332904593,-0.472909933,0.752360737,-1.686170764,-0.472909933,0.702730799,-1.285802436,-0.472909933,0.653116965,-1.262251358,-0.337259452,0.578188964,-0.885434109,-0.201608971,0.52857513,0.409875184,-0.337259452,0.44305125,0.716039199,-0.472909933,0.390877013,1.187060761,-0.337259452
01/09/2018,2018,9,642626,12.4,4.1,1.193313553,0.692488121,-0.608560413,,1.134359886,1.351918307,-0.608560413,1.059383575,1.822939868,-0.744210894,1.009045099,1.257713995,-0.744210894,0.930687125,0.598283809,-0.744210894,0.823262948,-0.249555002,-0.472909933,0.801990674,-1.332904593,-0.472909933,0.752360737,-1.686170764,-0.472909933,0.702730799,-1.285802436,-0.472909933,0.653116965,-1.262251358,-0.337259452,0.578188964,-0.885434109,-0.201608971,0.52857513,0.409875184,-0.337259452,0.44305125,0.716039199,-0.472909933
01/10/2018,2018,10,647461,9.5,4,1.271172329,0.009506857,-0.744210894,,1.193313553,0.692488121,-0.608560413,1.134359886,1.351918307,-0.608560413,1.059383575,1.822939868,-0.744210894,1.009045099,1.257713995,-0.744210894,0.930687125,0.598283809,-0.744210894,0.823262948,-0.249555002,-0.472909933,0.801990674,-1.332904593,-0.472909933,0.752360737,-1.686170764,-0.472909933,0.702730799,-1.285802436,-0.472909933,0.653116965,-1.262251358,-0.337259452,0.578188964,-0.885434109,-0.201608971,0.52857513,0.409875184,-0.337259452
01/11/2018,2018,11,650345,7.3,4,1.31761384,-0.50861686,-0.744210894,,1.271172329,0.009506857,-0.744210894,1.193313553,0.692488121,-0.608560413,1.134359886,1.351918307,-0.608560413,1.059383575,1.822939868,-0.744210894,1.009045099,1.257713995,-0.744210894,0.930687125,0.598283809,-0.744210894,0.823262948,-0.249555002,-0.472909933,0.801990674,-1.332904593,-0.472909933,0.752360737,-1.686170764,-0.472909933,0.702730799,-1.285802436,-0.472909933,0.653116965,-1.262251358,-0.337259452,0.578188964,-0.885434109,-0.201608971
01/12/2018,2018,12,653228,5.8,3.9,1.364039249,-0.861883031,-0.879861375,,1.31761384,-0.50861686,-0.744210894,1.271172329,0.009506857,-0.744210894,1.193313553,0.692488121,-0.608560413,1.134359886,1.351918307,-0.608560413,1.059383575,1.822939868,-0.744210894,1.009045099,1.257713995,-0.744210894,0.930687125,0.598283809,-0.744210894,0.823262948,-0.249555002,-0.472909933,0.801990674,-1.332904593,-0.472909933,0.752360737,-1.686170764,-0.472909933,0.702730799,-1.285802436,-0.472909933,0.653116965,-1.262251358,-0.337259452
01/01/2019,2019,1,656112,3.4,3.9,1.410480761,-1.427108905,-0.879861375,,1.364039249,-0.861883031,-0.879861375,1.31761384,-0.50861686,-0.744210894,1.271172329,0.009506857,-0.744210894,1.193313553,0.692488121,-0.608560413,1.134359886,1.351918307,-0.608560413,1.059383575,1.822939868,-0.744210894,1.009045099,1.257713995,-0.744210894,0.930687125,0.598283809,-0.744210894,0.823262948,-0.249555002,-0.472909933,0.801990674,-1.332904593,-0.472909933,0.752360737,-1.686170764,-0.472909933,0.702730799,-1.285802436,-0.472909933
01/02/2019,2019,2,656941,6,3.8,1.42383028,-0.814780875,-1.015511856,,1.410480761,-1.427108905,-0.879861375,1.364039249,-0.861883031,-0.879861375,1.31761384,-0.50861686,-0.744210894,1.271172329,0.009506857,-0.744210894,1.193313553,0.692488121,-0.608560413,1.134359886,1.351918307,-0.608560413,1.059383575,1.822939868,-0.744210894,1.009045099,1.257713995,-0.744210894,0.930687125,0.598283809,-0.744210894,0.823262948,-0.249555002,-0.472909933,0.801990674,-1.332904593,-0.472909933,0.752360737,-1.686170764,-0.472909933
01/03/2019,2019,3,663315,6.8,3.8,1.526471819,-0.626372251,-1.015511856,,1.42383028,-0.814780875,-1.015511856,1.410480761,-1.427108905,-0.879861375,1.364039249,-0.861883031,-0.879861375,1.31761384,-0.50861686,-0.744210894,1.271172329,0.009506857,-0.744210894,1.193313553,0.692488121,-0.608560413,1.134359886,1.351918307,-0.608560413,1.059383575,1.822939868,-0.744210894,1.009045099,1.257713995,-0.744210894,0.930687125,0.598283809,-0.744210894,0.823262948,-0.249555002,-0.472909933,0.801990674,-1.332904593,-0.472909933
01/04/2019,2019,4,663784,8.4,3.8,1.534024201,-0.249555002,-1.015511856,,1.526471819,-0.626372251,-1.015511856,1.42383028,-0.814780875,-1.015511856,1.410480761,-1.427108905,-0.879861375,1.364039249,-0.861883031,-0.879861375,1.31761384,-0.50861686,-0.744210894,1.271172329,0.009506857,-0.744210894,1.193313553,0.692488121,-0.608560413,1.134359886,1.351918307,-0.608560413,1.059383575,1.822939868,-0.744210894,1.009045099,1.257713995,-0.744210894,0.930687125,0.598283809,-0.744210894,0.823262948,-0.249555002,-0.472909933
01/05/2019,2019,5,667209,10,3.9,1.589177522,0.127262248,-0.879861375,,1.534024201,-0.249555002,-1.015511856,1.526471819,-0.626372251,-1.015511856,1.42383028,-0.814780875,-1.015511856,1.410480761,-1.427108905,-0.879861375,1.364039249,-0.861883031,-0.879861375,1.31761384,-0.50861686,-0.744210894,1.271172329,0.009506857,-0.744210894,1.193313553,0.692488121,-0.608560413,1.134359886,1.351918307,-0.608560413,1.059383575,1.822939868,-0.744210894,1.009045099,1.257713995,-0.744210894,0.930687125,0.598283809,-0.744210894
01/06/2019,2019,6,667496,13.2,3.8,1.593799129,0.880896746,-1.015511856,,1.589177522,0.127262248,-0.879861375,1.534024201,-0.249555002,-1.015511856,1.526471819,-0.626372251,-1.015511856,1.42383028,-0.814780875,-1.015511856,1.410480761,-1.427108905,-0.879861375,1.364039249,-0.861883031,-0.879861375,1.31761384,-0.50861686,-0.744210894,1.271172329,0.009506857,-0.744210894,1.193313553,0.692488121,-0.608560413,1.134359886,1.351918307,-0.608560413,1.059383575,1.822939868,-0.744210894,1.009045099,1.257713995,-0.744210894
01/07/2019,2019,7,672657,16.4,3.9,1.676907535,1.634531244,-0.879861375,,1.593799129,0.880896746,-1.015511856,1.589177522,0.127262248,-0.879861375,1.534024201,-0.249555002,-1.015511856,1.526471819,-0.626372251,-1.015511856,1.42383028,-0.814780875,-1.015511856,1.410480761,-1.427108905,-0.879861375,1.364039249,-0.861883031,-0.879861375,1.31761384,-0.50861686,-0.744210894,1.271172329,0.009506857,-0.744210894,1.193313553,0.692488121,-0.608560413,1.134359886,1.351918307,-0.608560413,1.059383575,1.822939868,-0.744210894
01/08/2019,2019,8,674824,15.8,3.8,1.711803081,1.493224775,-1.015511856,,1.676907535,1.634531244,-0.879861375,1.593799129,0.880896746,-1.015511856,1.589177522,0.127262248,-0.879861375,1.534024201,-0.249555002,-1.015511856,1.526471819,-0.626372251,-1.015511856,1.42383028,-0.814780875,-1.015511856,1.410480761,-1.427108905,-0.879861375,1.364039249,-0.861883031,-0.879861375,1.31761384,-0.50861686,-0.744210894,1.271172329,0.009506857,-0.744210894,1.193313553,0.692488121,-0.608560413,1.134359886,1.351918307,-0.608560413
01/09/2019,2019,9,680196,13.1,3.8,1.798309254,0.857345668,-1.015511856,,1.711803081,1.493224775,-1.015511856,1.676907535,1.634531244,-0.879861375,1.593799129,0.880896746,-1.015511856,1.589177522,0.127262248,-0.879861375,1.534024201,-0.249555002,-1.015511856,1.526471819,-0.626372251,-1.015511856,1.42383028,-0.814780875,-1.015511856,1.410480761,-1.427108905,-0.879861375,1.364039249,-0.861883031,-0.879861375,1.31761384,-0.50861686,-0.744210894,1.271172329,0.009506857,-0.744210894,1.193313553,0.692488121,-0.608560413
01/10/2019,2019,10,681311,8.9,3.8,1.816264277,-0.131799611,-1.015511856,,1.798309254,0.857345668,-1.015511856,1.711803081,1.493224775,-1.015511856,1.676907535,1.634531244,-0.879861375,1.593799129,0.880896746,-1.015511856,1.589177522,0.127262248,-0.879861375,1.534024201,-0.249555002,-1.015511856,1.526471819,-0.626372251,-1.015511856,1.42383028,-0.814780875,-1.015511856,1.410480761,-1.427108905,-0.879861375,1.364039249,-0.861883031,-0.879861375,1.31761384,-0.50861686,-0.744210894,1.271172329,0.009506857,-0.744210894
01/11/2019,2019,11,683449,5.3,3.8,1.850692832,-0.979638422,-1.015511856,,1.816264277,-0.131799611,-1.015511856,1.798309254,0.857345668,-1.015511856,1.711803081,1.493224775,-1.015511856,1.676907535,1.634531244,-0.879861375,1.593799129,0.880896746,-1.015511856,1.589177522,0.127262248,-0.879861375,1.534024201,-0.249555002,-1.015511856,1.526471819,-0.626372251,-1.015511856,1.42383028,-0.814780875,-1.015511856,1.410480761,-1.427108905,-0.879861375,1.364039249,-0.861883031,-0.879861375,1.31761384,-0.50861686,-0.744210894
01/12/2019,2019,12,683818,5.1,3.9,1.856634897,-1.026740578,-0.879861375,,1.850692832,-0.979638422,-1.015511856,1.816264277,-0.131799611,-1.015511856,1.798309254,0.857345668,-1.015511856,1.711803081,1.493224775,-1.015511856,1.676907535,1.634531244,-0.879861375,1.593799129,0.880896746,-1.015511856,1.589177522,0.127262248,-0.879861375,1.534024201,-0.249555002,-1.015511856,1.526471819,-0.626372251,-1.015511856,1.42383028,-0.814780875,-1.015511856,1.410480761,-1.427108905,-0.879861375,1.364039249,-0.861883031,-0.879861375
01/01/2020,2020,1,680494,5.6,4,1.803107995,-0.908985187,-0.744210894,,1.856634897,-1.026740578,-0.879861375,1.850692832,-0.979638422,-1.015511856,1.816264277,-0.131799611,-1.015511856,1.798309254,0.857345668,-1.015511856,1.711803081,1.493224775,-1.015511856,1.676907535,1.634531244,-0.879861375,1.593799129,0.880896746,-1.015511856,1.589177522,0.127262248,-0.879861375,1.534024201,-0.249555002,-1.015511856,1.526471819,-0.626372251,-1.015511856,1.42383028,-0.814780875,-1.015511856,1.410480761,-1.427108905,-0.879861375
01/02/2020,2020,2,667654,5.1,4,1.596343428,-1.026740578,-0.744210894,,1.803107995,-0.908985187,-0.744210894,1.856634897,-1.026740578,-0.879861375,1.850692832,-0.979638422,-1.015511856,1.816264277,-0.131799611,-1.015511856,1.798309254,0.857345668,-1.015511856,1.711803081,1.493224775,-1.015511856,1.676907535,1.634531244,-0.879861375,1.593799129,0.880896746,-1.015511856,1.589177522,0.127262248,-0.879861375,1.534024201,-0.249555002,-1.015511856,1.526471819,-0.626372251,-1.015511856,1.42383028,-0.814780875,-1.015511856
01/03/2020,2020,3,537988,5.6,4.1,-0.491688848,-0.908985187,-0.608560413,,1.596343428,-1.026740578,-0.744210894,1.803107995,-0.908985187,-0.744210894,1.856634897,-1.026740578,-0.879861375,1.850692832,-0.979638422,-1.015511856,1.816264277,-0.131799611,-1.015511856,1.798309254,0.857345668,-1.015511856,1.711803081,1.493224775,-1.015511856,1.676907535,1.634531244,-0.879861375,1.593799129,0.880896746,-1.015511856,1.589177522,0.127262248,-0.879861375,1.534024201,-0.249555002,-1.015511856,1.526471819,-0.626372251,-1.015511856
01/04/2020,2020,4,484465,9.1,4.1,-1.353578253,-0.084697455,-0.608560413,,-0.491688848,-0.908985187,-0.608560413,1.596343428,-1.026740578,-0.744210894,1.803107995,-0.908985187,-0.744210894,1.856634897,-1.026740578,-0.879861375,1.850692832,-0.979638422,-1.015511856,1.816264277,-0.131799611,-1.015511856,1.798309254,0.857345668,-1.015511856,1.711803081,1.493224775,-1.015511856,1.676907535,1.634531244,-0.879861375,1.593799129,0.880896746,-1.015511856,1.589177522,0.127262248,-0.879861375,1.534024201,-0.249555002,-1.015511856
01/05/2020,2020,5,454332,11.3,4.1,-1.838814757,0.433426262,-0.608560413,,-1.353578253,-0.084697455,-0.608560413,-0.491688848,-0.908985187,-0.608560413,1.596343428,-1.026740578,-0.744210894,1.803107995,-0.908985187,-0.744210894,1.856634897,-1.026740578,-0.879861375,1.850692832,-0.979638422,-1.015511856,1.816264277,-0.131799611,-1.015511856,1.798309254,0.857345668,-1.015511856,1.711803081,1.493224775,-1.015511856,1.676907535,1.634531244,-0.879861375,1.593799129,0.880896746,-1.015511856,1.589177522,0.127262248,-0.879861375
01/06/2020,2020,6,444317,14,4.3,-2.000087899,1.06930537,-0.337259452,,-1.838814757,0.433426262,-0.608560413,-1.353578253,-0.084697455,-0.608560413,-0.491688848,-0.908985187,-0.608560413,1.596343428,-1.026740578,-0.744210894,1.803107995,-0.908985187,-0.744210894,1.856634897,-1.026740578,-0.879861375,1.850692832,-0.979638422,-1.015511856,1.816264277,-0.131799611,-1.015511856,1.798309254,0.857345668,-1.015511856,1.711803081,1.493224775,-1.015511856,1.676907535,1.634531244,-0.879861375,1.593799129,0.880896746,-1.015511856
01/07/2020,2020,7,448426,14.3,4.6,-1.933920017,1.139958604,0.06969199,,-2.000087899,1.06930537,-0.337259452,-1.838814757,0.433426262,-0.608560413,-1.353578253,-0.084697455,-0.608560413,-0.491688848,-0.908985187,-0.608560413,1.596343428,-1.026740578,-0.744210894,1.803107995,-0.908985187,-0.744210894,1.856634897,-1.026740578,-0.879861375,1.850692832,-0.979638422,-1.015511856,1.816264277,-0.131799611,-1.015511856,1.798309254,0.857345668,-1.015511856,1.711803081,1.493224775,-1.015511856,1.676907535,1.634531244,-0.879861375
01/08/2020,2020,8,454243,15.9,4.9,-1.840247938,1.516775853,0.476643432,,-1.933920017,1.139958604,0.06969199,-2.000087899,1.06930537,-0.337259452,-1.838814757,0.433426262,-0.608560413,-1.353578253,-0.084697455,-0.608560413,-0.491688848,-0.908985187,-0.608560413,1.596343428,-1.026740578,-0.744210894,1.803107995,-0.908985187,-0.744210894,1.856634897,-1.026740578,-0.879861375,1.850692832,-0.979638422,-1.015511856,1.816264277,-0.131799611,-1.015511856,1.798309254,0.857345668,-1.015511856,1.711803081,1.493224775,-1.015511856
01/09/2020,2020,9,460060,12.8,5.1,-1.74657586,0.786692433,0.747944394,,-1.840247938,1.516775853,0.476643432,-1.933920017,1.139958604,0.06969199,-2.000087899,1.06930537,-0.337259452,-1.838814757,0.433426262,-0.608560413,-1.353578253,-0.084697455,-0.608560413,-0.491688848,-0.908985187,-0.608560413,1.596343428,-1.026740578,-0.744210894,1.803107995,-0.908985187,-0.744210894,1.856634897,-1.026740578,-0.879861375,1.850692832,-0.979638422,-1.015511856,1.816264277,-0.131799611,-1.015511856,1.798309254,0.857345668,-1.015511856
01/10/2020,2020,10,465877,9,5.1,-1.652903781,-0.108248533,0.747944394,,-1.74657586,0.786692433,0.747944394,-1.840247938,1.516775853,0.476643432,-1.933920017,1.139958604,0.06969199,-2.000087899,1.06930537,-0.337259452,-1.838814757,0.433426262,-0.608560413,-1.353578253,-0.084697455,-0.608560413,-0.491688848,-0.908985187,-0.608560413,1.596343428,-1.026740578,-0.744210894,1.803107995,-0.908985187,-0.744210894,1.856634897,-1.026740578,-0.879861375,1.850692832,-0.979638422,-1.015511856,1.816264277,-0.131799611,-1.015511856
01/11/2020,2020,11,473664,7,5.2,-1.527508478,-0.579270094,0.883594874,,-1.652903781,-0.108248533,0.747944394,-1.74657586,0.786692433,0.747944394,-1.840247938,1.516775853,0.476643432,-1.933920017,1.139958604,0.06969199,-2.000087899,1.06930537,-0.337259452,-1.838814757,0.433426262,-0.608560413,-1.353578253,-0.084697455,-0.608560413,-0.491688848,-0.908985187,-0.608560413,1.596343428,-1.026740578,-0.744210894,1.803107995,-0.908985187,-0.744210894,1.856634897,-1.026740578,-0.879861375,1.850692832,-0.979638422,-1.015511856
01/12/2020,2020,12,481450,5.8,5.1,-1.402129279,-0.861883031,0.747944394,,-1.527508478,-0.579270094,0.883594874,-1.652903781,-0.108248533,0.747944394,-1.74657586,0.786692433,0.747944394,-1.840247938,1.516775853,0.476643432,-1.933920017,1.139958604,0.06969199,-2.000087899,1.06930537,-0.337259452,-1.838814757,0.433426262,-0.608560413,-1.353578253,-0.084697455,-0.608560413,-0.491688848,-0.908985187,-0.608560413,1.596343428,-1.026740578,-0.744210894,1.803107995,-0.908985187,-0.744210894,1.856634897,-1.026740578,-0.879861375
01/01/2021,2021,1,489238,2.2,5.1,-1.276717873,-1.709721842,0.747944394,,-1.402129279,-0.861883031,0.747944394,-1.527508478,-0.579270094,0.883594874,-1.652903781,-0.108248533,0.747944394,-1.74657586,0.786692433,0.747944394,-1.840247938,1.516775853,0.476643432,-1.933920017,1.139958604,0.06969199,-2.000087899,1.06930537,-0.337259452,-1.838814757,0.433426262,-0.608560413,-1.353578253,-0.084697455,-0.608560413,-0.491688848,-0.908985187,-0.608560413,1.596343428,-1.026740578,-0.744210894,1.803107995,-0.908985187,-0.744210894
01/02/2021,2021,2,495008,4.1,4.9,-1.183802642,-1.262251358,0.476643432,,-1.276717873,-1.709721842,0.747944394,-1.402129279,-0.861883031,0.747944394,-1.527508478,-0.579270094,0.883594874,-1.652903781,-0.108248533,0.747944394,-1.74657586,0.786692433,0.747944394,-1.840247938,1.516775853,0.476643432,-1.933920017,1.139958604,0.06969199,-2.000087899,1.06930537,-0.337259452,-1.838814757,0.433426262,-0.608560413,-1.353578253,-0.084697455,-0.608560413,-0.491688848,-0.908985187,-0.608560413,1.596343428,-1.026740578,-0.744210894
01/03/2021,2021,3,502215,6.4,4.9,-1.067747172,-0.720576563,0.476643432,,-1.183802642,-1.262251358,0.476643432,-1.276717873,-1.709721842,0.747944394,-1.402129279,-0.861883031,0.747944394,-1.527508478,-0.579270094,0.883594874,-1.652903781,-0.108248533,0.747944394,-1.74657586,0.786692433,0.747944394,-1.840247938,1.516775853,0.476643432,-1.933920017,1.139958604,0.06969199,-2.000087899,1.06930537,-0.337259452,-1.838814757,0.433426262,-0.608560413,-1.353578253,-0.084697455,-0.608560413,-0.491688848,-0.908985187,-0.608560413
01/04/2021,2021,4,509422,5.7,4.9,-0.951691702,-0.885434109,0.476643432,,-1.067747172,-0.720576563,0.476643432,-1.183802642,-1.262251358,0.476643432,-1.276717873,-1.709721842,0.747944394,-1.402129279,-0.861883031,0.747944394,-1.527508478,-0.579270094,0.883594874,-1.652903781,-0.108248533,0.747944394,-1.74657586,0.786692433,0.747944394,-1.840247938,1.516775853,0.476643432,-1.933920017,1.139958604,0.06969199,-2.000087899,1.06930537,-0.337259452,-1.838814757,0.433426262,-0.608560413,-1.353578253,-0.084697455,-0.608560413
01/05/2021,2021,5,525293,9.1,4.7,-0.696118458,-0.084697455,0.205342471,,-0.951691702,-0.885434109,0.476643432,-1.067747172,-0.720576563,0.476643432,-1.183802642,-1.262251358,0.476643432,-1.276717873,-1.709721842,0.747944394,-1.402129279,-0.861883031,0.747944394,-1.527508478,-0.579270094,0.883594874,-1.652903781,-0.108248533,0.747944394,-1.74657586,0.786692433,0.747944394,-1.840247938,1.516775853,0.476643432,-1.933920017,1.139958604,0.06969199,-2.000087899,1.06930537,-0.337259452,-1.838814757,0.433426262,-0.608560413
01/06/2021,2021,6,537105,14.2,4.6,-0.505907938,1.116407526,0.06969199,,-0.696118458,-0.084697455,0.205342471,-0.951691702,-0.885434109,0.476643432,-1.067747172,-0.720576563,0.476643432,-1.183802642,-1.262251358,0.476643432,-1.276717873,-1.709721842,0.747944394,-1.402129279,-0.861883031,0.747944394,-1.527508478,-0.579270094,0.883594874,-1.652903781,-0.108248533,0.747944394,-1.74657586,0.786692433,0.747944394,-1.840247938,1.516775853,0.476643432,-1.933920017,1.139958604,0.06969199,-2.000087899,1.06930537,-0.337259452
01/07/2021,2021,7,542796,16.6,4.4,-0.414264858,1.6816334,-0.201608971,,-0.505907938,1.116407526,0.06969199,-0.696118458,-0.084697455,0.205342471,-0.951691702,-0.885434109,0.476643432,-1.067747172,-0.720576563,0.476643432,-1.183802642,-1.262251358,0.476643432,-1.276717873,-1.709721842,0.747944394,-1.402129279,-0.861883031,0.747944394,-1.527508478,-0.579270094,0.883594874,-1.652903781,-0.108248533,0.747944394,-1.74657586,0.786692433,0.747944394,-1.840247938,1.516775853,0.476643432,-1.933920017,1.139958604,0.06969199
01/08/2021,2021,8,547526,15,4.3,-0.338096913,1.304816151,-0.337259452,,-0.414264858,1.6816334,-0.201608971,-0.505907938,1.116407526,0.06969199,-0.696118458,-0.084697455,0.205342471,-0.951691702,-0.885434109,0.476643432,-1.067747172,-0.720576563,0.476643432,-1.183802642,-1.262251358,0.476643432,-1.276717873,-1.709721842,0.747944394,-1.402129279,-0.861883031,0.747944394,-1.527508478,-0.579270094,0.883594874,-1.652903781,-0.108248533,0.747944394,-1.74657586,0.786692433,0.747944394,-1.840247938,1.516775853,0.476643432
01/09/2021,2021,9,553431,14.7,4.2,-0.243007757,1.234162917,-0.472909933,,-0.338096913,1.304816151,-0.337259452,-0.414264858,1.6816334,-0.201608971,-0.505907938,1.116407526,0.06969199,-0.696118458,-0.084697455,0.205342471,-0.951691702,-0.885434109,0.476643432,-1.067747172,-0.720576563,0.476643432,-1.183802642,-1.262251358,0.476643432,-1.276717873,-1.709721842,0.747944394,-1.402129279,-0.861883031,0.747944394,-1.527508478,-0.579270094,0.883594874,-1.652903781,-0.108248533,0.747944394,-1.74657586,0.786692433,0.747944394
01/10/2021,2021,10,558749,10.9,4.1,-0.157371155,0.33922195,-0.608560413,,-0.243007757,1.234162917,-0.472909933,-0.338096913,1.304816151,-0.337259452,-0.414264858,1.6816334,-0.201608971,-0.505907938,1.116407526,0.06969199,-0.696118458,-0.084697455,0.205342471,-0.951691702,-0.885434109,0.476643432,-1.067747172,-0.720576563,0.476643432,-1.183802642,-1.262251358,0.476643432,-1.276717873,-1.709721842,0.747944394,-1.402129279,-0.861883031,0.747944394,-1.527508478,-0.579270094,0.883594874,-1.652903781,-0.108248533,0.747944394
01/11/2021,2021,11,563661,7,4,-0.078272435,-0.579270094,-0.744210894,,-0.157371155,0.33922195,-0.608560413,-0.243007757,1.234162917,-0.472909933,-0.338096913,1.304816151,-0.337259452,-0.414264858,1.6816334,-0.201608971,-0.505907938,1.116407526,0.06969199,-0.696118458,-0.084697455,0.205342471,-0.951691702,-0.885434109,0.476643432,-1.067747172,-0.720576563,0.476643432,-1.183802642,-1.262251358,0.476643432,-1.276717873,-1.709721842,0.747944394,-1.402129279,-0.861883031,0.747944394,-1.527508478,-0.579270094,0.883594874
01/12/2021,2021,12,568573,5.3,4,0.000826284,-0.979638422,-0.744210894,,-0.078272435,-0.579270094,-0.744210894,-0.157371155,0.33922195,-0.608560413,-0.243007757,1.234162917,-0.472909933,-0.338096913,1.304816151,-0.337259452,-0.414264858,1.6816334,-0.201608971,-0.505907938,1.116407526,0.06969199,-0.696118458,-0.084697455,0.205342471,-0.951691702,-0.885434109,0.476643432,-1.067747172,-0.720576563,0.476643432,-1.183802642,-1.262251358,0.476643432,-1.276717873,-1.709721842,0.747944394,-1.402129279,-0.861883031,0.747944394
01/01/2022,2022,1,573485,4.7,3.8,0.079925003,-1.12094489,-1.015511856,,0.000826284,-0.979638422,-0.744210894,-0.078272435,-0.579270094,-0.744210894,-0.157371155,0.33922195,-0.608560413,-0.243007757,1.234162917,-0.472909933,-0.338096913,1.304816151,-0.337259452,-0.414264858,1.6816334,-0.201608971,-0.505907938,1.116407526,0.06969199,-0.696118458,-0.084697455,0.205342471,-0.951691702,-0.885434109,0.476643432,-1.067747172,-0.720576563,0.476643432,-1.183802642,-1.262251358,0.476643432,-1.276717873,-1.709721842,0.747944394
01/02/2022,2022,2,575935,5.6,3.7,0.119377744,-0.908985187,-1.151162336,,0.079925003,-1.12094489,-1.015511856,0.000826284,-0.979638422,-0.744210894,-0.078272435,-0.579270094,-0.744210894,-0.157371155,0.33922195,-0.608560413,-0.243007757,1.234162917,-0.472909933,-0.338096913,1.304816151,-0.337259452,-0.414264858,1.6816334,-0.201608971,-0.505907938,1.116407526,0.06969199,-0.696118458,-0.084697455,0.205342471,-0.951691702,-0.885434109,0.476643432,-1.067747172,-0.720576563,0.476643432,-1.183802642,-1.262251358,0.476643432
01/03/2022,2022,3,578385,6.7,3.8,0.158830485,-0.649923329,-1.015511856,,0.119377744,-0.908985187,-1.151162336,0.079925003,-1.12094489,-1.015511856,0.000826284,-0.979638422,-0.744210894,-0.078272435,-0.579270094,-0.744210894,-0.157371155,0.33922195,-0.608560413,-0.243007757,1.234162917,-0.472909933,-0.338096913,1.304816151,-0.337259452,-0.414264858,1.6816334,-0.201608971,-0.505907938,1.116407526,0.06969199,-0.696118458,-0.084697455,0.205342471,-0.951691702,-0.885434109,0.476643432,-1.067747172,-0.720576563,0.476643432
01/04/2022,2022,4,580835,8.1,3.8,0.198283226,-0.320208236,-1.015511856,,0.158830485,-0.649923329,-1.015511856,0.119377744,-0.908985187,-1.151162336,0.079925003,-1.12094489,-1.015511856,0.000826284,-0.979638422,-0.744210894,-0.078272435,-0.579270094,-0.744210894,-0.157371155,0.33922195,-0.608560413,-0.243007757,1.234162917,-0.472909933,-0.338096913,1.304816151,-0.337259452,-0.414264858,1.6816334,-0.201608971,-0.505907938,1.116407526,0.06969199,-0.696118458,-0.084697455,0.205342471,-0.951691702,-0.885434109,0.476643432
01/05/2022,2022,5,586091,11.8,3.8,0.282921432,0.551181653,-1.015511856,,0.198283226,-0.320208236,-1.015511856,0.158830485,-0.649923329,-1.015511856,0.119377744,-0.908985187,-1.151162336,0.079925003,-1.12094489,-1.015511856,0.000826284,-0.979638422,-0.744210894,-0.078272435,-0.579270094,-0.744210894,-0.157371155,0.33922195,-0.608560413,-0.243007757,1.234162917,-0.472909933,-0.338096913,1.304816151,-0.337259452,-0.414264858,1.6816334,-0.201608971,-0.505907938,1.116407526,0.06969199,-0.696118458,-0.084697455,0.205342471
01/06/2022,2022,6,589453,13.9,3.6,0.337060254,1.045754292,-1.286812817,,0.282921432,0.551181653,-1.015511856,0.198283226,-0.320208236,-1.015511856,0.158830485,-0.649923329,-1.015511856,0.119377744,-0.908985187,-1.151162336,0.079925003,-1.12094489,-1.015511856,0.000826284,-0.979638422,-0.744210894,-0.078272435,-0.579270094,-0.744210894,-0.157371155,0.33922195,-0.608560413,-0.243007757,1.234162917,-0.472909933,-0.338096913,1.304816151,-0.337259452,-0.414264858,1.6816334,-0.201608971,-0.505907938,1.116407526,0.06969199
01/07/2022,2022,7,591129,16.5,3.5,0.364049149,1.658082322,-1.422463298,,0.337060254,1.045754292,-1.286812817,0.282921432,0.551181653,-1.015511856,0.198283226,-0.320208236,-1.015511856,0.158830485,-0.649923329,-1.015511856,0.119377744,-0.908985187,-1.151162336,0.079925003,-1.12094489,-1.015511856,0.000826284,-0.979638422,-0.744210894,-0.078272435,-0.579270094,-0.744210894,-0.157371155,0.33922195,-0.608560413,-0.243007757,1.234162917,-0.472909933,-0.338096913,1.304816151,-0.337259452,-0.414264858,1.6816334,-0.201608971
01/08/2022,2022,8,592804,16.6,3.6,0.391021941,1.6816334,-1.286812817,,0.364049149,1.658082322,-1.422463298,0.337060254,1.045754292,-1.286812817,0.282921432,0.551181653,-1.015511856,0.198283226,-0.320208236,-1.015511856,0.158830485,-0.649923329,-1.015511856,0.119377744,-0.908985187,-1.151162336,0.079925003,-1.12094489,-1.015511856,0.000826284,-0.979638422,-0.744210894,-0.078272435,-0.579270094,-0.744210894,-0.157371155,0.33922195,-0.608560413,-0.243007757,1.234162917,-0.472909933,-0.338096913,1.304816151,-0.337259452
01/09/2022,2022,9,594479,13.4,3.7,0.417994733,0.927998902,-1.151162336,,0.391021941,1.6816334,-1.286812817,0.364049149,1.658082322,-1.422463298,0.337060254,1.045754292,-1.286812817,0.282921432,0.551181653,-1.015511856,0.198283226,-0.320208236,-1.015511856,0.158830485,-0.649923329,-1.015511856,0.119377744,-0.908985187,-1.151162336,0.079925003,-1.12094489,-1.015511856,0.000826284,-0.979638422,-0.744210894,-0.078272435,-0.579270094,-0.744210894,-0.157371155,0.33922195,-0.608560413,-0.243007757,1.234162917,-0.472909933
01/10/2022,2022,10,597067,11.6,3.7,0.45966971,0.504079497,-1.151162336,,0.417994733,0.927998902,-1.151162336,0.391021941,1.6816334,-1.286812817,0.364049149,1.658082322,-1.422463298,0.337060254,1.045754292,-1.286812817,0.282921432,0.551181653,-1.015511856,0.198283226,-0.320208236,-1.015511856,0.158830485,-0.649923329,-1.015511856,0.119377744,-0.908985187,-1.151162336,0.079925003,-1.12094489,-1.015511856,0.000826284,-0.979638422,-0.744210894,-0.078272435,-0.579270094,-0.744210894,-0.157371155,0.33922195,-0.608560413
01/11/2022,2022,11,598807,8.2,3.7,0.487689208,-0.296657158,-1.151162336,,0.45966971,0.504079497,-1.151162336,0.417994733,0.927998902,-1.151162336,0.391021941,1.6816334,-1.286812817,0.364049149,1.658082322,-1.422463298,0.337060254,1.045754292,-1.286812817,0.282921432,0.551181653,-1.015511856,0.198283226,-0.320208236,-1.015511856,0.158830485,-0.649923329,-1.015511856,0.119377744,-0.908985187,-1.151162336,0.079925003,-1.12094489,-1.015511856,0.000826284,-0.979638422,-0.744210894,-0.078272435,-0.579270094,-0.744210894
01/12/2022,2022,12,600548,2.9,3.7,0.515724808,-1.544864295,-1.151162336,,0.487689208,-0.296657158,-1.151162336,0.45966971,0.504079497,-1.151162336,0.417994733,0.927998902,-1.151162336,0.391021941,1.6816334,-1.286812817,0.364049149,1.658082322,-1.422463298,0.337060254,1.045754292,-1.286812817,0.282921432,0.551181653,-1.015511856,0.198283226,-0.320208236,-1.015511856,0.158830485,-0.649923329,-1.015511856,0.119377744,-0.908985187,-1.151162336,0.079925003,-1.12094489,-1.015511856,0.000826284,-0.979638422,-0.744210894
01/01/2023,2023,1,602288,4.4,3.8,0.543744306,-1.191598124,-1.015511856,,0.515724808,-1.544864295,-1.151162336,0.487689208,-0.296657158,-1.151162336,0.45966971,0.504079497,-1.151162336,0.417994733,0.927998902,-1.151162336,0.391021941,1.6816334,-1.286812817,0.364049149,1.658082322,-1.422463298,0.337060254,1.045754292,-1.286812817,0.282921432,0.551181653,-1.015511856,0.198283226,-0.320208236,-1.015511856,0.158830485,-0.649923329,-1.015511856,0.119377744,-0.908985187,-1.151162336,0.079925003,-1.12094489,-1.015511856
01/02/2023,2023,2,603273,5.8,3.8,0.559605918,-0.861883031,-1.015511856,,0.543744306,-1.191598124,-1.015511856,0.515724808,-1.544864295,-1.151162336,0.487689208,-0.296657158,-1.151162336,0.45966971,0.504079497,-1.151162336,0.417994733,0.927998902,-1.151162336,0.391021941,1.6816334,-1.286812817,0.364049149,1.658082322,-1.422463298,0.337060254,1.045754292,-1.286812817,0.282921432,0.551181653,-1.015511856,0.198283226,-0.320208236,-1.015511856,0.158830485,-0.649923329,-1.015511856,0.119377744,-0.908985187,-1.151162336
01/03/2023,2023,3,604259,5.7,3.7,0.575483633,-0.885434109,-1.151162336,,0.559605918,-0.861883031,-1.015511856,0.543744306,-1.191598124,-1.015511856,0.515724808,-1.544864295,-1.151162336,0.487689208,-0.296657158,-1.151162336,0.45966971,0.504079497,-1.151162336,0.417994733,0.927998902,-1.151162336,0.391021941,1.6816334,-1.286812817,0.364049149,1.658082322,-1.422463298,0.337060254,1.045754292,-1.286812817,0.282921432,0.551181653,-1.015511856,0.198283226,-0.320208236,-1.015511856,0.158830485,-0.649923329,-1.015511856